make_standardized,model_raw,model_standardized
ABARTH,500,500
ABARTH,500E,500E
ABARTH,500E T,500E T
ABARTH,695,695
ABARTH,695 75,695 75
ABARTH,695 CO,695 CO
ABARTH,ABARTH,ABARTH
ABARTH,EV 500,EV 500
ALFA ROMEO,GIULIA,GIULIA
ALFA ROMEO,GUILIA,GUILIA
ALFA ROMEO,JUNIOR,JUNIOR
ALFA ROMEO,STELVI,STELVI
ALFA ROMEO,TONALE,TONALE
ASTON MARTIN,DB12,DB12
ASTON MARTIN,DB12 V,DB12 V
ASTON MARTIN,DBS,DBS
ASTON MARTIN,DBS770,DBS770
ASTON MARTIN,DBX 70,DBX 70
ASTON MARTIN,DBX707,DBX707
ASTON MARTIN,VANQUI,VANQUI
ASTON MARTIN,VANTAG,VANTAG
AUDI,,
AUDI,A1,A1
AUDI,A1 SPO,A1 SPO
AUDI,A3,A3
AUDI,A3 SPO,A3 SPO
AUDI,A4,A4
AUDI,A4 ALL,A4 ALL
AUDI,A4 AVA,A4 AVA
AUDI,A5,A5
AUDI,A5 AVA,A5 AVA
AUDI,A5 HYB,A5 HYB
AUDI,A6,A6
AUDI,A6 ALL,A6 ALL
AUDI,A7,A7
AUDI,A8,A8
AUDI,CWG 21,CWG 21
AUDI,CZDC76,CZDC76
AUDI,E TRON,E TRON
AUDI,E-TRON,E TRON
AUDI,ETRON,ETRON
AUDI,ETRONG,ETRONG
AUDI,GIULIA,GIULIA
AUDI,Q1,Q1
AUDI,Q2,Q2
AUDI,Q3,Q3
AUDI,Q3 SPO,Q3 SPO
AUDI,Q4,Q4
AUDI,Q4 E T,Q4 E T
AUDI,Q4 E-T,Q4 E T
AUDI,Q4 ETR,Q4 ETR
AUDI,Q4 SPO,Q4 SPO
AUDI,Q4ETRO,Q4ETRO
AUDI,Q5,Q5
AUDI,Q5 E,Q5 E
AUDI,Q5 SPO,Q5 SPO
AUDI,Q6,Q6
AUDI,Q6 E-T,Q6 E T
AUDI,Q6 ETR,Q6 ETR
AUDI,Q6E-TR,Q6E TR
AUDI,Q7,Q7
AUDI,Q7 QUA,Q7 QUA
AUDI,Q8,Q8
AUDI,Q8 60,Q8 60
AUDI,Q8 E,Q8 E
AUDI,Q8 E T,Q8 E T
AUDI,Q8 E-T,Q8 E T
AUDI,Q8 ETR,Q8 ETR
AUDI,QA,QA
AUDI,R7 SPO,R7 SPO
AUDI,RS 3,RS 3
AUDI,RS 4 A,RS 4 A
AUDI,RS 5,RS 5
AUDI,RS 6,RS 6
AUDI,RS E T,RS E T
AUDI,RS ETR,RS ETR
AUDI,RS Q3,RS Q3
AUDI,RS Q8,RS Q8
AUDI,RS3,RS3
AUDI,RS4,RS4
AUDI,RS4 AV,RS4 AV
AUDI,RS5,RS5
AUDI,RS6,RS6
AUDI,RS6 AV,RS6 AV
AUDI,RS6 GT,RS6 GT
AUDI,RS7,RS7
AUDI,RSETRO,RSETRO
AUDI,RSQ3,RSQ3
AUDI,RSQ8,RSQ8
AUDI,S3,S3
AUDI,S3 SPO,S3 SPO
AUDI,S4,S4
AUDI,S4 AV,S4 AV
AUDI,S5,S5
AUDI,S5 AVA,S5 AVA
AUDI,S6,S6
AUDI,S7,S7
AUDI,S8,S8
AUDI,SQ2,SQ2
AUDI,SQ5,SQ5
AUDI,SQ5 TF,SQ5 TF
AUDI,SQ6,SQ6
AUDI,SQ6 ET,SQ6 ET
AUDI,SQ7,SQ7
AUDI,SQ8,SQ8
AUDI,SQ8 ET,SQ8 ET
AUDI,TT,TT
AUDI,TT 45,TT 45
AUDI,TT COU,TT COU
AUDI,TT S C,TT S C
AUDI,TTRS,TTRS
CHERY,2024,2024
CHERY,2025,2025
CHERY,BX,BX
CHERY,BX T34,BX T34
CHERY,C 5,C 5
CHERY,C 5 UL,C 5 UL
CHERY,C 5 UR,C 5 UR
CHERY,C5,C5
CHERY,C5 MY2,C5 MY2
CHERY,C5 OMO,C5 OMO
CHERY,C5 ULT,C5 ULT
CHERY,C5 URB,C5 URB
CHERY,CHERY,CHERY
CHERY,CHR,CHR
CHERY,E5,E5
CHERY,E5 BEV,E5 BEV
CHERY,E5 ULT,E5 ULT
CHERY,EV5,EV5
CHERY,EX T34,EX T34
CHERY,J5,J5
CHERY,J5  SU,J5 SU
CHERY,J7,J7
CHERY,J8,J8
CHERY,JAECOO,JAECOO
CHERY,MG U9,MG U9
CHERY,MY24 T,MY24 T
CHERY,MY25 C,MY25 C
CHERY,MY25 T,MY25 T
CHERY,MY25 U,MY25 U
CHERY,MY26 T,MY26 T
CHERY,OMADA,OMADA
CHERY,OMADA5,OMADA5
CHERY,OMEDA,OMEDA
CHERY,OMOA 5,OMOA 5
CHERY,OMOAD,OMOAD
CHERY,OMODA,OMODA
CHERY,OMODA5,OMODA5
CHERY,OMONDA,OMONDA
CHERY,ONODA,ONODA
CHERY,RED,RED
CHERY,T19C O,T19C O
CHERY,T31 TI,T31 TI
CHERY,T32,T32
CHERY,T32 TI,T32 TI
CHERY,T34,T34
CHERY,T34 OM,T34 OM
CHERY,T35 TI,T35 TI
CHERY,T3X,T3X
CHERY,T4 ULT,T4 ULT
CHERY,T4 URB,T4 URB
CHERY,T431,T431
CHERY,T7 CSH,T7 CSH
CHERY,T8 CSH,T8 CSH
CHERY,T8 ULT,T8 ULT
CHERY,T9 CSH,T9 CSH
CHERY,TGGO 4,TGGO 4
CHERY,TI,TI
CHERY,TI41,TI41
CHERY,TIGG0,TIGG0
CHERY,TIGG4,TIGG4
CHERY,TIGGO,TIGGO
CHERY,TIGGO4,TIGGO4
CHERY,TIGGO7,TIGGO7
CHERY,TIGGO8,TIGGO8
CHERY,TIGGO9,TIGGO9
CHERY,TIGO 4,TIGO 4
CHERY,TIGO4,TIGO4
CHERY,TIGOG,TIGOG
CHERY,TIGOO,TIGOO
CHERY,TOGGO,TOGGO
CHERY,WAGON,WAGON
CHERY,ZS HEV,ZS HEV
CUPRA,ATECA,ATECA
CUPRA,BORN,BORN
CUPRA,CUPRA,CUPRA
CUPRA,FORMEN,FORMEN
CUPRA,FORMET,FORMET
CUPRA,FORMTR,FORMTR
CUPRA,LEON,LEON
CUPRA,LEON S,LEON S
CUPRA,LEON V,LEON V
CUPRA,TAVASC,TAVASC
CUPRA,TERRAM,TERRAM
DODGE,2500 L,2500 L
DODGE,3500,3500
DODGE,3500 L,3500 L
DODGE,CHALL,CHALL
DODGE,CHALLE,CHALLE
DODGE,CHALLR,CHALLR
DODGE,R A M,R A M
DODGE,RAM,RAM
DODGE,RAM 15,RAM 15
DODGE,RAM 25,RAM 25
DODGE,RAM 35,RAM 35
DODGE,RAM D1,RAM D1
DODGE,RAM TR,RAM TR
FIAT,500,500
FIAT,500 BE,500 BE
FIAT,500 DO,500 DO
FIAT,500 LO,500 LO
FIAT,500E,500E
FIAT,500E L,500E L
FIAT,695 CO,695 CO
FIAT,ABARIT,ABARIT
FIAT,ABARTH,ABARTH
FIAT,APPLAU,APPLAU
FIAT,B 6832,B 6832
FIAT,B 6942,B 6942
FIAT,B6732,B6732
FIAT,B6832,B6832
FIAT,B7452,B7452
FIAT,BIRSDV,BIRSDV
FIAT,C 7454,C 7454
FIAT,C 7464,C 7464
FIAT,C7454,C7454
FIAT,CASUAR,CASUAR
FIAT,CONQUE,CONQUE
FIAT,DESTIN,DESTIN
FIAT,DUCATI,DUCATI
FIAT,DUCATO,DUCATO
FIAT,EMU RV,EMU RV
FIAT,FA 25,FA 25
FIAT,FD 19,FD 19
FIAT,IN3,IN3
FIAT,IN500,IN500
FIAT,IN600,IN600
FIAT,IND600,IND600
FIAT,INDIE,INDIE
FIAT,INIE C,INIE C
FIAT,JAYCON,JAYCON
FIAT,JRV,JRV
FIAT,OPTIMU,OPTIMU
FIAT,RANGER,RANGER
FIAT,RENTAL,RENTAL
FIAT,SCUDO,SCUDO
FIAT,SIGNAT,SIGNAT
FIAT,TARINO,TARINO
FIAT,TORINO,TORINO
FIAT,V 6442,V 6442
FIAT,V6414,V6414
FORD,2023,2023
FORD,2024,2024
FORD,2025,2025
FORD,ALL N,ALL N
FORD,ALL NE,ALL NE
FORD,ARBRGR,ARBRGR
FORD,ATTO 2,ATTO 2
FORD,BF2SRW,BF2SRW
FORD,D90,D90
FORD,DD2SRX,DD2SRX
FORD,E,E
FORD,E TRAN,E TRAN
FORD,ERVERE,ERVERE
FORD,ESCAPE,ESCAPE
FORD,ESCPAE,ESCPAE
FORD,EVER,EVER
FORD,EVERAS,EVERAS
FORD,EVERER,EVERER
FORD,EVERES,EVERES
FORD,EVERRE,EVERRE
FORD,EVERS,EVERS
FORD,EVERSE,EVERSE
FORD,EVERST,EVERST
FORD,EVERTE,EVERTE
FORD,EVREST,EVREST
FORD,EVRRES,EVRRES
FORD,EXPLOR,EXPLOR
FORD,F 150,F 150
FORD,F-150,F 150
FORD,F 250,F 250
FORD,F 350,F 350
FORD,F150,F150
FORD,F150 L,F150 L
FORD,F150 P,F150 P
FORD,F150 S,F150 S
FORD,F150 X,F150 X
FORD,F250,F250
FORD,F250 L,F250 L
FORD,F250 P,F250 P
FORD,F250 X,F250 X
FORD,F250SR,F250SR
FORD,F350,F350
FORD,F350 L,F350 L
FORD,F450,F450
FORD,FALCON,FALCON
FORD,FIESTA,FIESTA
FORD,FOCUS,FOCUS
FORD,FORD,FORD
FORD,FORD R,FORD R
FORD,H6 ULT,H6 ULT
FORD,JOLION,JOLION
FORD,KONA,KONA
FORD,LARIAT,LARIAT
FORD,LIGHTN,LIGHTN
FORD,MACH E,MACH E
FORD,MACHE,MACHE
FORD,MSTANG,MSTANG
FORD,MUS,MUS
FORD,MUSTA,MUSTA
FORD,MUSTAG,MUSTAG
FORD,MUSTAN,MUSTAN
FORD,MUSTNG,MUSTNG
FORD,P,P
FORD,PLATIN,PLATIN
FORD,PUMA,PUMA
FORD,PUMA S,PUMA S
FORD,R,R
FORD,RA,RA
FORD,RAMGER,RAMGER
FORD,RAN,RAN
FORD,RANEGR,RANEGR
FORD,RANER,RANER
FORD,RANFER,RANFER
FORD,RANGE,RANGE
FORD,RANGEE,RANGEE
FORD,RANGER,RANGER
FORD,RANGET,RANGET
FORD,RANGR,RANGR
FORD,RANGRT,RANGRT
FORD,RAPTOR,RAPTOR
FORD,RAPTPR,RAPTPR
FORD,RNAGER,RNAGER
FORD,RNGER,RNGER
FORD,SANTA,SANTA
FORD,SDUTY,SDUTY
FORD,SEAL,SEAL
FORD,SEALIO,SEALIO
FORD,SHELBY,SHELBY
FORD,SPORT,SPORT
FORD,SUNCAM,SUNCAM
FORD,SUPER,SUPER
FORD,SUPERD,SUPERD
FORD,SUPGD,SUPGD
FORD,SWIFT,SWIFT
FORD,TANK 3,TANK 3
FORD,TANSIT,TANSIT
FORD,TIGGO,TIGGO
FORD,TOUARE,TOUARE
FORD,TOUENE,TOUENE
FORD,TOURNE,TOURNE
FORD,TR 545,TR 545
FORD,TR CUS,TR CUS
FORD,TR TRA,TR TRA
FORD,TR5452,TR5452
FORD,TRANIS,TRANIS
FORD,TRANIT,TRANIT
FORD,TRANSI,TRANSI
FORD,TRANST,TRANST
FORD,TRASNI,TRASNI
FORD,TREMOR,TREMOR
FORD,TUCSON,TUCSON
FORD,UTE CA,UTE CA
FORD,VAN,VAN
FORD,VENUE,VENUE
FORD,WANGER,WANGER
FORD,WILDTR,WILDTR
FORD,XL BLA,XL BLA
FORD,XL DC,XL DC
FORD,XLT CA,XLT CA
FORD,YN2SPX,YN2SPX
FORD,YN2SSW,YN2SSW
FORD,YNWSRR,YNWSRR
FORD,ZRV,ZRV
HOLDEN,CHEVRO,CHEVRO
HOLDEN,COMMOD,COMMOD
HOLDEN,CORVET,CORVET
HOLDEN,CRV,CRV
HOLDEN,GMC YU,GMC YU
HOLDEN,HOLDEN,HOLDEN
HOLDEN,HONDA,HONDA
HOLDEN,SILVEA,SILVEA
HOLDEN,SILVER,SILVER
HOLDEN,STATES,STATES
HOLDEN,VFGSSV,VFGSSV
HOLDEN,YUKON,YUKON
HOLDEN,ZRV,ZRV
HONDA,,
HONDA,1000M3,1000M3
HONDA,2025,2025
HONDA,400258,400258
HONDA,500NX,500NX
HONDA,5X5 70,5X5 70
HONDA,5X5700,5X5700
HONDA,750 HO,750 HO
HONDA,ACCORD,ACCORD
HONDA,ADVENT,ADVENT
HONDA,AFRICA,AFRICA
HONDA,C65FAL,C65FAL
HONDA,CB 125,CB 125
HONDA,CB1000,CB1000
HONDA,CB125,CB125
HONDA,CB125E,CB125E
HONDA,CB125F,CB125F
HONDA,CB125L,CB125L
HONDA,CB300F,CB300F
HONDA,CB300N,CB300N
HONDA,CB300R,CB300R
HONDA,CB350,CB350
HONDA,CB350F,CB350F
HONDA,CB45O,CB45O
HONDA,CB500,CB500
HONDA,CB500F,CB500F
HONDA,CB500R,CB500R
HONDA,CB500X,CB500X
HONDA,CB650R,CB650R
HONDA,CB750,CB750
HONDA,CB750A,CB750A
HONDA,CB750R,CB750R
HONDA,CBF,CBF
HONDA,CBF 12,CBF 12
HONDA,CBF125,CBF125
HONDA,CBF300,CBF300
HONDA,CBR100,CBR100
HONDA,CBR500,CBR500
HONDA,CBR50R,CBR50R
HONDA,CBR5R,CBR5R
HONDA,CBR600,CBR600
HONDA,CBR650,CBR650
HONDA,CER150,CER150
HONDA,CERATO,CERATO
HONDA,CERV H,CERV H
HONDA,CFR300,CFR300
HONDA,CIVIC,CIVIC
HONDA,CL500,CL500
HONDA,CL500A,CL500A
HONDA,CL500L,CL500L
HONDA,CMC500,CMC500
HONDA,CMX 11,CMX 11
HONDA,CMX 50,CMX 50
HONDA,CMX110,CMX110
HONDA,CMX500,CMX500
HONDA,CR-V,CR V
HONDA,CR V,CR V
HONDA,CRC,CRC
HONDA,CRF,CRF
HONDA,CRF 11,CRF 11
HONDA,CRF 30,CRF 30
HONDA,CRF 45,CRF 45
HONDA,CRF RA,CRF RA
HONDA,CRF110,CRF110
HONDA,CRF125,CRF125
HONDA,CRF150,CRF150
HONDA,CRF230,CRF230
HONDA,CRF250,CRF250
HONDA,CRF300,CRF300
HONDA,CRF450,CRF450
HONDA,CRF45L,CRF45L
HONDA,CRF45O,CRF45O
HONDA,CRF45X,CRF45X
HONDA,CRV,CRV
HONDA,CRV BL,CRV BL
HONDA,CRV EH,CRV EH
HONDA,CRV  H,CRV H
HONDA,CRV HE,CRV HE
HONDA,CRV HY,CRV HY
HONDA,CRV RS,CRV RS
HONDA,CRV  V,CRV V
HONDA,CRV V,CRV V
HONDA,CRV VI,CRV VI
HONDA,CRV VT,CRV VT
HONDA,CRVVTL,CRVVTL
HONDA,CT10,CT10
HONDA,CT125,CT125
HONDA,CV,CV
HONDA,DIO 11,DIO 11
HONDA,DIO110,DIO110
HONDA,DIOS,DIOS
HONDA,EX5,EX5
HONDA,FIT,FIT
HONDA,FORZA,FORZA
HONDA,FORZA3,FORZA3
HONDA,GB350,GB350
HONDA,GB350C,GB350C
HONDA,GB350R,GB350R
HONDA,GB400,GB400
HONDA,GB500,GB500
HONDA,GL1800,GL1800
HONDA,GOLDIN,GOLDIN
HONDA,GOLDWI,GOLDWI
HONDA,HEV EH,HEV EH
HONDA,HONDA,HONDA
HONDA,HONDAZ,HONDAZ
HONDA,HORNET,HORNET
HONDA,HR-V,HR V
HONDA,HR V,HR V
HONDA,HR VIX,HR VIX
HONDA,HRV,HRV
HONDA,HRV E,HRV E
HONDA,HRV EH,HRV EH
HONDA,HRV HE,HRV HE
HONDA,HRV V,HRV V
HONDA,HRV VI,HRV VI
HONDA,HZRV,HZRV
HONDA,HZV,HZV
HONDA,IMPREZ,IMPREZ
HONDA,JK29,JK29
HONDA,L15ZK5,L15ZK5
HONDA,MP3,MP3
HONDA,MW110,MW110
HONDA,NAKED,NAKED
HONDA,NAV110,NAV110
HONDA,NAVI,NAVI
HONDA,NAVI 1,NAVI 1
HONDA,NAVI L,NAVI L
HONDA,NAVI11,NAVI11
HONDA,NBOX,NBOX
HONDA,NCS110,NCS110
HONDA,NSC110,NSC110
HONDA,NSR250,NSR250
HONDA,NSS350,NSS350
HONDA,NT 110,NT 110
HONDA,NT1100,NT1100
HONDA,NVA110,NVA110
HONDA,NX500,NX500
HONDA,ODYSEY,ODYSEY
HONDA,ODYSSE,ODYSSE
HONDA,P700,P700
HONDA,PCX,PCX
HONDA,PCX 12,PCX 12
HONDA,PCX125,PCX125
HONDA,PCX150,PCX150
HONDA,PIONEE,PIONEE
HONDA,PRELUD,PRELUD
HONDA,PXC125,PXC125
HONDA,R 1250,R 1250
HONDA,R1300G,R1300G
HONDA,S660,S660
HONDA,SDH125,SDH125
HONDA,SELTOS,SELTOS
HONDA,SUPER,SUPER
HONDA,SWV2,SWV2
HONDA,SX1000,SX1000
HONDA,SX5700,SX5700
HONDA,SXS,SXS
HONDA,SXS 10,SXS 10
HONDA,SXS 70,SXS 70
HONDA,SXS100,SXS100
HONDA,SXS520,SXS520
HONDA,SXS700,SXS700
HONDA,TRANSA,TRANSA
HONDA,TRX042,TRX042
HONDA,TRX420,TRX420
HONDA,TRX500,TRX500
HONDA,TRX520,TRX520
HONDA,TYPE R,TYPE R
HONDA,TYPER,TYPER
HONDA,VARG,VARG
HONDA,VL750,VL750
HONDA,VRV,VRV
HONDA,WAGON,WAGON
HONDA,WW125,WW125
HONDA,WW125P,WW125P
HONDA,XL 750,XL 750
HONDA,XL TRA,XL TRA
HONDA,XL750,XL750
HONDA,XL750P,XL750P
HONDA,XL750S,XL750S
HONDA,XL750V,XL750V
HONDA,XR125,XR125
HONDA,XR150L,XR150L
HONDA,XR190,XR190
HONDA,XR190C,XR190C
HONDA,XR200R,XR200R
HONDA,XR400,XR400
HONDA,XR750,XR750
HONDA,ZEV,ZEV
HONDA,ZR,ZR
HONDA,ZR V,ZR V
HONDA,ZR900S,ZR900S
HONDA,ZRC,ZRC
HONDA,ZRV,ZRV
HONDA,ZRV EH,ZRV EH
HONDA,ZRV HE,ZRV HE
HONDA,ZRV HY,ZRV HY
HONDA,ZRV V,ZRV V
HONDA,ZRV VT,ZRV VT
JAGUAR,408,408
JAGUAR,E PACE,E PACE
JAGUAR,EPACE,EPACE
JAGUAR,F PACE,F PACE
JAGUAR,F-PACE,F PACE
JAGUAR,F TYPE,F TYPE
JAGUAR,F-TYPE,F TYPE
JAGUAR,FPACE,FPACE
JAGUAR,FTYPE,FTYPE
JAGUAR,H6,H6
JAGUAR,I PACE,I PACE
JAGUAR,IPACE,IPACE
JAGUAR,MY24 F,MY24 F
JAGUAR,P250 R,P250 R
JAGUAR,XE,XE
JAGUAR,XE 300,XE 300
JAGUAR,XE P30,XE P30
JAGUAR,XE15,XE15
JAGUAR,XE300,XE300
JAGUAR,XF,XF
JEEP,AVENGE,AVENGE
JEEP,CHEROK,CHEROK
JEEP,COMPAS,COMPAS
JEEP,GLADIA,GLADIA
JEEP,GLADIT,GLADIT
JEEP,GRAND,GRAND
JEEP,GRD CH,GRD CH
JEEP,GRDCHK,GRDCHK
JEEP,PATRIO,PATRIO
JEEP,RENEGA,RENEGA
JEEP,RUBICO,RUBICO
JEEP,WAGONR,WAGONR
JEEP,WRAGLE,WRAGLE
JEEP,WRAN99,WRAN99
JEEP,WRANG,WRANG
JEEP,WRANGE,WRANGE
JEEP,WRANGL,WRANGL
KIA,2025,2025
KIA,2026,2026
KIA,ARIYA,ARIYA
KIA,BD CER,BD CER
KIA,BDH CE,BDH CE
KIA,CANRIV,CANRIV
KIA,CAR,CAR
KIA,CARBIV,CARBIV
KIA,CARINV,CARINV
KIA,CARIVA,CARIVA
KIA,CARN,CARN
KIA,CARNI,CARNI
KIA,CARNIA,CARNIA
KIA,CARNIV,CARNIV
KIA,CARNVA,CARNVA
KIA,CARNVI,CARNVI
KIA,CARNVL,CARNVL
KIA,CARVIV,CARVIV
KIA,CEARTO,CEARTO
KIA,CERAAT,CERAAT
KIA,CERARO,CERARO
KIA,CERAT,CERAT
KIA,CERAT0,CERAT0
KIA,CERATO,CERATO
KIA,CERRAT,CERRAT
KIA,CERTAO,CERTAO
KIA,CERTAT,CERTAT
KIA,CERTO,CERTO
KIA,CK STI,CK STI
KIA,CL4M,CL4M
KIA,CL4M K,CL4M K
KIA,CRANIV,CRANIV
KIA,CV EV6,CV EV6
KIA,CVEV6,CVEV6
KIA,D4HEPH,D4HEPH
KIA,DE NIR,DE NIR
KIA,EV 3,EV 3
KIA,EV 5,EV 5
KIA,EV 5 E,EV 5 E
KIA,EV 6,EV 6
KIA,EV 9,EV 9
KIA,EV3,EV3
KIA,EV3 A,EV3 A
KIA,EV3 AI,EV3 AI
KIA,EV3 EA,EV3 EA
KIA,EV3 GT,EV3 GT
KIA,EV4,EV4
KIA,EV4 AI,EV4 AI
KIA,EV4 CT,EV4 CT
KIA,EV4 EA,EV4 EA
KIA,EV4 GT,EV4 GT
KIA,EV5,EV5
KIA,EV5 AI,EV5 AI
KIA,EV5 EA,EV5 EA
KIA,EV5 GT,EV5 GT
KIA,EV5 OV,EV5 OV
KIA,EV6,EV6
KIA,EV6 AI,EV6 AI
KIA,EV6 EL,EV6 EL
KIA,EV6 GT,EV6 GT
KIA,EV6 RW,EV6 RW
KIA,EV6GT,EV6GT
KIA,EV9,EV9
KIA,EV9 GT,EV9 GT
KIA,EVA,EVA
KIA,EVERES,EVERES
KIA,EX5,EX5
KIA,G10,G10
KIA,G4FTSH,G4FTSH
KIA,G4LASP,G4LASP
KIA,G4LCPS,G4LCPS
KIA,GREY,GREY
KIA,I30,I30
KIA,JA PIC,JA PIC
KIA,JOLION,JOLION
KIA,K4,K4
KIA,K4 CL4,K4 CL4
KIA,K4 GT,K4 GT
KIA,K4 GTL,K4 GTL
KIA,K4 MY2,K4 MY2
KIA,K4 S,K4 S
KIA,K4 SPO,K4 SPO
KIA,KA,KA
KIA,KA GT,KA GT
KIA,KA4,KA4
KIA,KA4 CA,KA4 CA
KIA,KA4 PE,KA4 PE
KIA,MQ4,MQ4
KIA,MQ4 PE,MQ4 PE
KIA,MQ4 SO,MQ4 SO
KIA,MU X,MU X
KIA,MUSSO,MUSSO
KIA,MV EV9,MV EV9
KIA,NERO,NERO
KIA,NIR0,NIR0
KIA,NIRO,NIRO
KIA,NIRO E,NIRO E
KIA,NIRO G,NIRO G
KIA,NIRO H,NIRO H
KIA,NIRO S,NIRO S
KIA,NQ5,NQ5
KIA,NQ5 SP,NQ5 SP
KIA,OMODA,OMODA
KIA,OVC EV,OVC EV
KIA,PCIANT,PCIANT
KIA,PE CAR,PE CAR
KIA,PE CER,PE CER
KIA,PE SOR,PE SOR
KIA,PICAN,PICAN
KIA,PICANO,PICANO
KIA,PICANT,PICANT
KIA,PICATO,PICATO
KIA,PICNAT,PICNAT
KIA,PINCAT,PINCAT
KIA,QASHQA,QASHQA
KIA,R,R
KIA,RIO,RIO
KIA,RIO GT,RIO GT
KIA,RIO PE,RIO PE
KIA,RIO S,RIO S
KIA,RIO SP,RIO SP
KIA,RIO ST,RIO ST
KIA,SANTA,SANTA
KIA,SEALIO,SEALIO
KIA,SEDAN,SEDAN
KIA,SELOTS,SELOTS
KIA,SELT,SELT
KIA,SELTO,SELTO
KIA,SELTOC,SELTOC
KIA,SELTOD,SELTOD
KIA,SELTOS,SELTOS
KIA,SELTS,SELTS
KIA,SERENT,SERENT
KIA,SETLOS,SETLOS
KIA,SETOS,SETOS
KIA,SG2 NI,SG2 NI
KIA,SL10,SL10
KIA,SLTOS,SLTOS
KIA,SO,SO
KIA,SOENTO,SOENTO
KIA,SOERNT,SOERNT
KIA,SONIC,SONIC
KIA,SORE,SORE
KIA,SOREN,SOREN
KIA,SORENO,SORENO
KIA,SORENT,SORENT
KIA,SORETN,SORETN
KIA,SORNET,SORNET
KIA,SORNTO,SORNTO
KIA,SORREN,SORREN
KIA,SORRET,SORRET
KIA,SORTAG,SORTAG
KIA,SP,SP
KIA,SP0RTA,SP0RTA
KIA,SP2,SP2
KIA,SP2 SE,SP2 SE
KIA,SPARTA,SPARTA
KIA,SPORAG,SPORAG
KIA,SPORAT,SPORAT
KIA,SPORGA,SPORGA
KIA,SPORT,SPORT
KIA,SPORTA,SPORTA
KIA,SPORTG,SPORTG
KIA,SPORTR,SPORTR
KIA,SPORTS,SPORTS
KIA,SPOTRA,SPOTRA
KIA,SPPORT,SPPORT
KIA,SPRENT,SPRENT
KIA,SPROTA,SPROTA
KIA,SPTAGE,SPTAGE
KIA,STINGE,STINGE
KIA,STINIC,STINIC
KIA,STOIC,STOIC
KIA,STONC,STONC
KIA,STONI,STONI
KIA,STONIC,STONIC
KIA,STORTA,STORTA
KIA,SWIFT,SWIFT
KIA,TANK 3,TANK 3
KIA,TASAMA,TASAMA
KIA,TASMAN,TASMAN
KIA,TIGGO,TIGGO
KIA,TK,TK
KIA,TK TAS,TK TAS
KIA,TUCSON,TUCSON
KIA,VENUE,VENUE
KIA,WAGON,WAGON
KIA,X TRAI,X TRAI
KIA,XTRAIL,XTRAIL
KIA,YB RIO,YB RIO
KIA,YB STO,YB STO
KIA,YBW ST,YBW ST
LEXUS,1ZA8MV,1ZA8MV
LEXUS,ENX250,ENX250
LEXUS,ES,ES
LEXUS,ES 500,ES 500
LEXUS,ES250,ES250
LEXUS,ES300,ES300
LEXUS,ES300H,ES300H
LEXUS,ES300S,ES300S
LEXUS,EX350H,EX350H
LEXUS,G10,G10
LEXUS,GX,GX
LEXUS,GX50,GX50
LEXUS,GX550,GX550
LEXUS,L5500H,L5500H
LEXUS,LBX,LBX
LEXUS,LBX 2W,LBX 2W
LEXUS,LBX LU,LBX LU
LEXUS,LBX MO,LBX MO
LEXUS,LBX SP,LBX SP
LEXUS,LC500,LC500
LEXUS,LC500C,LC500C
LEXUS,LC500H,LC500H
LEXUS,LEXUS,LEXUS
LEXUS,LM350H,LM350H
LEXUS,LM500H,LM500H
LEXUS,LS500,LS500
LEXUS,LS500H,LS500H
LEXUS,LX,LX
LEXUS,LX350H,LX350H
LEXUS,LX500D,LX500D
LEXUS,LX50D,LX50D
LEXUS,LX550D,LX550D
LEXUS,LX600,LX600
LEXUS,LX700H,LX700H
LEXUS,M15AZ0,M15AZ0
LEXUS,MORIZO,MORIZO
LEXUS,NH450H,NH450H
LEXUS,NX,NX
LEXUS,NX 350,NX 350
LEXUS,NX250,NX250
LEXUS,NX350,NX350
LEXUS,NX350H,NX350H
LEXUS,NX450,NX450
LEXUS,NX450H,NX450H
LEXUS,NZ450H,NZ450H
LEXUS,RC550H,RC550H
LEXUS,RX,RX
LEXUS,RX AL3,RX AL3
LEXUS,RX350,RX350
LEXUS,RX350F,RX350F
LEXUS,RX350H,RX350H
LEXUS,RX450E,RX450E
LEXUS,RX450H,RX450H
LEXUS,RX500H,RX500H
LEXUS,RXH,RXH
LEXUS,RZ,RZ
LEXUS,RZ450E,RZ450E
LEXUS,RZ500,RZ500
LEXUS,RZ500E,RZ500E
LEXUS,RZ550E,RZ550E
LEXUS,UX,UX
LEXUS,UX200,UX200
LEXUS,UX250H,UX250H
LEXUS,UX300E,UX300E
LEXUS,UX300H,UX300H
LEXUS,UX50H,UX50H
LOTUS,ELETRE,ELETRE
LOTUS,EMEYA,EMEYA
LOTUS,EMIRA,EMIRA
MAZDA,2,2
MAZDA,2 G15,2 G15
MAZDA,2 HATC,2 HATC
MAZDA,2 HB G,2 HB G
MAZDA,2 PURE,2 PURE
MAZDA,2 S G1,2 S G1
MAZDA,200,200
MAZDA,200RAS,200RAS
MAZDA,2024,2024
MAZDA,2025,2025
MAZDA,3,3
MAZDA,3 ASTI,3 ASTI
MAZDA,3 EVOL,3 EVOL
MAZDA,3 G20,3 G20
MAZDA,3 G25,3 G25
MAZDA,3 HATC,3 HATC
MAZDA,3 Q G2,3 Q G2
MAZDA,3 Q6 G,3 Q6 G
MAZDA,300,300
MAZDA,300PAH,300PAH
MAZDA,323P01,323P01
MAZDA,3B09,3B09
MAZDA,4JJ3EL,4JJ3EL
MAZDA,5,5
MAZDA,6,6
MAZDA,6 ANNI,6 ANNI
MAZDA,6 G25,6 G25
MAZDA,6 GT S,6 GT S
MAZDA,6 GTSP,6 GTSP
MAZDA,6 TOUR,6 TOUR
MAZDA,600TAS,600TAS
MAZDA,B30,B30
MAZDA,B50,B50
MAZDA,BR50,BR50
MAZDA,BT 50,BT 50
MAZDA,BT-50,BT 50
MAZDA,BT-50D,BT 50D
MAZDA,BT050,BT050
MAZDA,BT50,BT50
MAZDA,BT50 D,BT50 D
MAZDA,BT50 F,BT50 F
MAZDA,BT50 G,BT50 G
MAZDA,BT50 H,BT50 H
MAZDA,BT50 P,BT50 P
MAZDA,BT50 S,BT50 S
MAZDA,BT50 T,BT50 T
MAZDA,BT50 X,BT50 X
MAZDA,BT50D,BT50D
MAZDA,BT590,BT590
MAZDA,BT5O,BT5O
MAZDA,BT5O X,BT5O X
MAZDA,BT80,BT80
MAZDA,C3,C3
MAZDA,C30,C30
MAZDA,C30F,C30F
MAZDA,C5,C5
MAZDA,C60,C60
MAZDA,C90,C90
MAZDA,CCX30,CCX30
MAZDA,CCX9,CCX9
MAZDA,CX 3,CX 3
MAZDA,CX-3,CX 3
MAZDA,CX 3 A,CX 3 A
MAZDA,CX 3 E,CX 3 E
MAZDA,CX 3 G,CX 3 G
MAZDA,CX 3 M,CX 3 M
MAZDA,CX 3 S,CX 3 S
MAZDA,CX 3 T,CX 3 T
MAZDA,CX 30,CX 30
MAZDA,CX-30,CX 30
MAZDA,CX 5,CX 5
MAZDA,CX 5 A,CX 5 A
MAZDA,CX 5 D,CX 5 D
MAZDA,CX 5 G,CX 5 G
MAZDA,CX 5 M,CX 5 M
MAZDA,CX 5 N,CX 5 N
MAZDA,CX 60,CX 60
MAZDA,CX-60,CX 60
MAZDA,CX-60A,CX 60A
MAZDA,CX 70,CX 70
MAZDA,CX 8,CX 8
MAZDA,CX-8,CX 8
MAZDA,CX 8 G,CX 8 G
MAZDA,CX 8 S,CX 8 S
MAZDA,CX 8 T,CX 8 T
MAZDA,CX 80,CX 80
MAZDA,CX-80,CX 80
MAZDA,CX 9,CX 9
MAZDA,CX 9 T,CX 9 T
MAZDA,CX 90,CX 90
MAZDA,CX3,CX3
MAZDA,CX3 20,CX3 20
MAZDA,CX3 AK,CX3 AK
MAZDA,CX3 EV,CX3 EV
MAZDA,CX3 G2,CX3 G2
MAZDA,CX3 GT,CX3 GT
MAZDA,CX3 MA,CX3 MA
MAZDA,CX3 PU,CX3 PU
MAZDA,CX3 S,CX3 S
MAZDA,CX3 SP,CX3 SP
MAZDA,CX3 ST,CX3 ST
MAZDA,CX3 TO,CX3 TO
MAZDA,CX30,CX30
MAZDA,CX30 A,CX30 A
MAZDA,CX30 D,CX30 D
MAZDA,CX30 E,CX30 E
MAZDA,CX30 G,CX30 G
MAZDA,CX30 P,CX30 P
MAZDA,CX30 T,CX30 T
MAZDA,CX30 V,CX30 V
MAZDA,CX30 X,CX30 X
MAZDA,CX3W,CX3W
MAZDA,CX5,CX5
MAZDA,CX5 AK,CX5 AK
MAZDA,CX5 G,CX5 G
MAZDA,CX5 G2,CX5 G2
MAZDA,CX5 G3,CX5 G3
MAZDA,CX5 GT,CX5 GT
MAZDA,CX5 MA,CX5 MA
MAZDA,CX5 N,CX5 N
MAZDA,CX5 SP,CX5 SP
MAZDA,CX5 TO,CX5 TO
MAZDA,CX5 TU,CX5 TU
MAZDA,CX5B,CX5B
MAZDA,CX5G20,CX5G20
MAZDA,CX5G35,CX5G35
MAZDA,CX60,CX60
MAZDA,CX60 8,CX60 8
MAZDA,CX60 A,CX60 A
MAZDA,CX60 D,CX60 D
MAZDA,CX60 E,CX60 E
MAZDA,CX60 G,CX60 G
MAZDA,CX60 H,CX60 H
MAZDA,CX60 P,CX60 P
MAZDA,CX60 T,CX60 T
MAZDA,CX60 V,CX60 V
MAZDA,CX6060,CX6060
MAZDA,CX70,CX70
MAZDA,CX70 A,CX70 A
MAZDA,CX8,CX8
MAZDA,CX8 AS,CX8 AS
MAZDA,CX8 D3,CX8 D3
MAZDA,CX8 G2,CX8 G2
MAZDA,CX8 GT,CX8 GT
MAZDA,CX8 SP,CX8 SP
MAZDA,CX8 TO,CX8 TO
MAZDA,CX80,CX80
MAZDA,CX80 A,CX80 A
MAZDA,CX80 D,CX80 D
MAZDA,CX80 G,CX80 G
MAZDA,CX80 P,CX80 P
MAZDA,CX80 T,CX80 T
MAZDA,CX9,CX9
MAZDA,CX9 AZ,CX9 AZ
MAZDA,CX9 GT,CX9 GT
MAZDA,CX9 SP,CX9 SP
MAZDA,CX9 TO,CX9 TO
MAZDA,CX90,CX90
MAZDA,CX90 A,CX90 A
MAZDA,CX90 B,CX90 B
MAZDA,CX90 D,CX90 D
MAZDA,CX90 G,CX90 G
MAZDA,CX90 H,CX90 H
MAZDA,CXX3,CXX3
MAZDA,CXX5,CXX5
MAZDA,CXX9,CXX9
MAZDA,EV60,EV60
MAZDA,GREY,GREY
MAZDA,H6 ULT,H6 ULT
MAZDA,JOLION,JOLION
MAZDA,LOVELL,LOVELL
MAZDA,M2,M2
MAZDA,M3,M3
MAZDA,M3 G25,M3 G25
MAZDA,M3 TOU,M3 TOU
MAZDA,M6,M6
MAZDA,MA,MA
MAZDA,MAZD3,MAZD3
MAZDA,MAZDA,MAZDA
MAZDA,MAZDA2,MAZDA2
MAZDA,MAZDA3,MAZDA3
MAZDA,MAZDA6,MAZDA6
MAZDA,MAZDZA,MAZDZA
MAZDA,MX 30,MX 30
MAZDA,MX 5,MX 5
MAZDA,MX 5 R,MX 5 R
MAZDA,MX 5 X,MX 5 X
MAZDA,MX30,MX30
MAZDA,MX30 E,MX30 E
MAZDA,MX30 G,MX30 G
MAZDA,MX5,MX5
MAZDA,MX5 G2,MX5 G2
MAZDA,NT50,NT50
MAZDA,P52104,P52104
MAZDA,PE5038,PE5038
MAZDA,PE5041,PE5041
MAZDA,PEDDER,PEDDER
MAZDA,PY 223,PY 223
MAZDA,PY1116,PY1116
MAZDA,PY2214,PY2214
MAZDA,PY2255,PY2255
MAZDA,PY3157,PY3157
MAZDA,PY3163,PY3163
MAZDA,RED,RED
MAZDA,TOURIN,TOURIN
MAZDA,TUCSON,TUCSON
MAZDA,X5 G35,X5 G35
MAZDA,XT,XT
MAZDA,ZS EV,ZS EV
MINI,ACEMAN,ACEMAN
MINI,ASX,ASX
MINI,CLUBMA,CLUBMA
MINI,CONVER,CONVER
MINI,COOPE,COOPE
MINI,COOPER,COOPER
MINI,COPPER,COPPER
MINI,COUNRT,COUNRT
MINI,COUNT,COUNT
MINI,COUNTR,COUNTR
MINI,COUNTY,COUNTY
MINI,COUPER,COUPER
MINI,COUTRY,COUTRY
MINI,E COUN,E COUN
MINI,ECLIPS,ECLIPS
MINI,JCW,JCW
MINI,JCW 3D,JCW 3D
MINI,JCW AL,JCW AL
MINI,JCW CL,JCW CL
MINI,JCW CO,JCW CO
MINI,JCW E,JCW E
MINI,JCW HA,JCW HA
MINI,JOHN,JOHN
MINI,JOHN C,JOHN C
MINI,JWC,JWC
MINI,MINI C,MINI C
MINI,MINI J,MINI J
MINI,OUTLAN,OUTLAN
MINI,S CLUB,S CLUB
MINI,S COUN,S COUN
MINI,SE COU,SE COU
MINI,TRITON,TRITON
NISSAN,,
NISSAN,2024,2024
NISSAN,370Z,370Z
NISSAN,400Z,400Z
NISSAN,456114,456114
NISSAN,ARIYA,ARIYA
NISSAN,AURA,AURA
NISSAN,BRZ,BRZ
NISSAN,CAPTUR,CAPTUR
NISSAN,COUPE,COUPE
NISSAN,D27 NA,D27 NA
NISSAN,J12 QA,J12 QA
NISSAN,JUKE,JUKE
NISSAN,JUKE S,JUKE S
NISSAN,JUKE T,JUKE T
NISSAN,JUKEST,JUKEST
NISSAN,LEAF,LEAF
NISSAN,LEAF E,LEAF E
NISSAN,LEEAF,LEEAF
NISSAN,NA,NA
NISSAN,NARAVA,NARAVA
NISSAN,NARVAR,NARVAR
NISSAN,NAVAA,NAVAA
NISSAN,NAVAR,NAVAR
NISSAN,NAVARA,NAVARA
NISSAN,NAVARR,NAVARR
NISSAN,NAVRA,NAVRA
NISSAN,NISMO,NISMO
NISSAN,NISSAN,NISSAN
NISSAN,NOTE,NOTE
NISSAN,NVARA,NVARA
NISSAN,NVAVAR,NVAVAR
NISSAN,PAT,PAT
NISSAN,PATHFI,PATHFI
NISSAN,PATRO,PATRO
NISSAN,PATROL,PATROL
NISSAN,PATTOL,PATTOL
NISSAN,PFINDE,PFINDE
NISSAN,PJ02A2,PJ02A2
NISSAN,PR25DD,PR25DD
NISSAN,PRO4X,PRO4X
NISSAN,QA,QA
NISSAN,QASHAQ,QASHAQ
NISSAN,QASHQA,QASHQA
NISSAN,QASHQI,QASHQI
NISSAN,QASQAI,QASQAI
NISSAN,QUON,QUON
NISSAN,RAV4,RAV4
NISSAN,SCAR90,SCAR90
NISSAN,SERENA,SERENA
NISSAN,STX NA,STX NA
NISSAN,T33,T33
NISSAN,TIID06,TIID06
NISSAN,W,W
NISSAN,WARRIO,WARRIO
NISSAN,WRANGL,WRANGL
NISSAN,X,X
NISSAN,X TRA,X TRA
NISSAN,X TRAI,X TRAI
NISSAN,XRAIL,XRAIL
NISSAN,XT,XT
NISSAN,XTEPWR,XTEPWR
NISSAN,XTR,XTR
NISSAN,XTRA,XTRA
NISSAN,XTRAIL,XTRAIL
NISSAN,XYT,XYT
NISSAN,Y62 P,Y62 P
NISSAN,Z,Z
NISSAN,Z COUP,Z COUP
NISSAN,Z NISM,Z NISM
NISSAN,Z NISS,Z NISS
NISSAN,Z PROT,Z PROT
NISSAN,Z Z PR,Z Z PR
NISSAN,Z Z34,Z Z34
NISSAN,Z34,Z34
NISSAN,Z34 CO,Z34 CO
NISSAN,Z34 Z,Z34 Z
NISSAN,ZST CO,ZST CO
SKODA,ELROQ,ELROQ
SKODA,ELROY,ELROY
SKODA,ENAQ,ENAQ
SKODA,ENYAQ,ENYAQ
SKODA,FABIA,FABIA
SKODA,FABIQ,FABIQ
SKODA,FASBIA,FASBIA
SKODA,KAMIQ,KAMIQ
SKODA,KAMMIQ,KAMMIQ
SKODA,KAODIA,KAODIA
SKODA,KAORQ,KAORQ
SKODA,KARIQ,KARIQ
SKODA,KARO,KARO
SKODA,KAROA,KAROA
SKODA,KAROK,KAROK
SKODA,KAROOQ,KAROOQ
SKODA,KAROQ,KAROQ
SKODA,KARQ,KARQ
SKODA,KODAIQ,KODAIQ
SKODA,KODIAQ,KODIAQ
SKODA,KODIQ,KODIQ
SKODA,KOODIA,KOODIA
SKODA,MODIAQ,MODIAQ
SKODA,O,O
SKODA,OCATVI,OCATVI
SKODA,OCTAVI,OCTAVI
SKODA,PAJERO,PAJERO
SKODA,SCALA,SCALA
SKODA,SILVER,SILVER
SKODA,SUJPER,SUJPER
SKODA,SUPERB,SUPERB
SKODA,TIGGO,TIGGO
SKODA,WHITE,WHITE
SUBARU,2023,2023
SUBARU,2024,2024
SUBARU,308,308
SUBARU,BLUE,BLUE
SUBARU,BRZ,BRZ
SUBARU,BRZ CO,BRZ CO
SUBARU,BRZ S,BRZ S
SUBARU,BRZ TS,BRZ TS
SUBARU,CEROSS,CEROSS
SUBARU,CR0SST,CR0SST
SUBARU,CROSS,CROSS
SUBARU,CROSSS,CROSSS
SUBARU,CROSST,CROSST
SUBARU,CROSTR,CROSTR
SUBARU,CRSSTR,CRSSTR
SUBARU,DMAX,DMAX
SUBARU,F,F
SUBARU,FO,FO
SUBARU,FOEEST,FOEEST
SUBARU,FOESTE,FOESTE
SUBARU,FOIRES,FOIRES
SUBARU,FOREST,FOREST
SUBARU,FORETS,FORETS
SUBARU,FORSTE,FORSTE
SUBARU,GREEN,GREEN
SUBARU,HEV FO,HEV FO
SUBARU,I30,I30
SUBARU,IMPREZ,IMPREZ
SUBARU,MY26 C,MY26 C
SUBARU,MY26 F,MY26 F
SUBARU,OITBAC,OITBAC
SUBARU,OIUTBA,OIUTBA
SUBARU,OUBAC,OUBAC
SUBARU,OUTBAC,OUTBAC
SUBARU,OUTBAK,OUTBAK
SUBARU,SOLTER,SOLTER
SUBARU,SPORT,SPORT
SUBARU,SUBARU,SUBARU
SUBARU,WR,WR
SUBARU,WRX,WRX
SUBARU,WRX RS,WRX RS
SUBARU,WRX SE,WRX SE
SUBARU,WRX SP,WRX SP
SUBARU,WRX TS,WRX TS
SUBARU,XV,XV
SUBARU,YV5394,YV5394
SUBARU,YW6032,YW6032
SUBARU,YY6310,YY6310
SUBARU,ZA2377,ZA2377
SUZUKI,,
SUZUKI,6N415W,6N415W
SUZUKI,ADDRES,ADDRES
SUZUKI,AGILIT,AGILIT
SUZUKI,AVENIS,AVENIS
SUZUKI,AZ,AZ
SUZUKI,BALENO,BALENO
SUZUKI,C74W,C74W
SUZUKI,CARRY,CARRY
SUZUKI,D2350,D2350
SUZUKI,DDZ400,DDZ400
SUZUKI,DL 800,DL 800
SUZUKI,DL1050,DL1050
SUZUKI,DL105R,DL105R
SUZUKI,DL250,DL250
SUZUKI,DL650,DL650
SUZUKI,DL650A,DL650A
SUZUKI,DL650M,DL650M
SUZUKI,DL650X,DL650X
SUZUKI,DL65AU,DL65AU
SUZUKI,DL800,DL800
SUZUKI,DL800D,DL800D
SUZUKI,DL800R,DL800R
SUZUKI,DR Z40,DR Z40
SUZUKI,DR200,DR200
SUZUKI,DR200S,DR200S
SUZUKI,DR2400,DR2400
SUZUKI,DR250R,DR250R
SUZUKI,DR400,DR400
SUZUKI,DRZ 40,DRZ 40
SUZUKI,DRZ125,DRZ125
SUZUKI,DRZ400,DRZ400
SUZUKI,DRZ40E,DRZ40E
SUZUKI,DRZ40S,DRZ40S
SUZUKI,DRZ4S,DRZ4S
SUZUKI,DRZ4SM,DRZ4SM
SUZUKI,DS 250,DS 250
SUZUKI,DS250,DS250
SUZUKI,DS250M,DS250M
SUZUKI,DS250R,DS250R
SUZUKI,EJA124,EJA124
SUZUKI,EMZ250,EMZ250
SUZUKI,EVERY,EVERY
SUZUKI,FOREST,FOREST
SUZUKI,FRONX,FRONX
SUZUKI,GIXXER,GIXXER
SUZUKI,GJ,GJ
SUZUKI,GJ JIM,GJ JIM
SUZUKI,GRAND,GRAND
SUZUKI,GSX,GSX
SUZUKI,GSX S1,GSX S1
SUZUKI,GSX100,GSX100
SUZUKI,GSX130,GSX130
SUZUKI,GSX250,GSX250
SUZUKI,GSX80,GSX80
SUZUKI,GSX800,GSX800
SUZUKI,GSX8R,GSX8R
SUZUKI,GSX8S,GSX8S
SUZUKI,GSXR,GSXR
SUZUKI,GSXR10,GSXR10
SUZUKI,GSXR13,GSXR13
SUZUKI,GSXR25,GSXR25
SUZUKI,GSXR80,GSXR80
SUZUKI,GSXS 1,GSXS 1
SUZUKI,GSXS10,GSXS10
SUZUKI,GSXS12,GSXS12
SUZUKI,GSXS25,GSXS25
SUZUKI,GSXS75,GSXS75
SUZUKI,HATCHB,HATCHB
SUZUKI,HAYABU,HAYABU
SUZUKI,IGNI,IGNI
SUZUKI,IGNINS,IGNINS
SUZUKI,IGNIS,IGNIS
SUZUKI,INGIS,INGIS
SUZUKI,JIKNY,JIKNY
SUZUKI,JIMINY,JIMINY
SUZUKI,JIMMNY,JIMMNY
SUZUKI,JIMNEY,JIMNEY
SUZUKI,JIMNY,JIMNY
SUZUKI,JIMY,JIMY
SUZUKI,JJ,JJ
SUZUKI,JUMNY,JUMNY
SUZUKI,LTA500,LTA500
SUZUKI,RGV250,RGV250
SUZUKI,RMZ,RMZ
SUZUKI,S CROS,S CROS
SUZUKI,S400,S400
SUZUKI,SCROSS,SCROSS
SUZUKI,SFV65U,SFV65U
SUZUKI,SPORT,SPORT
SUZUKI,SUPER,SUPER
SUZUKI,SV 650,SV 650
SUZUKI,SV650,SV650
SUZUKI,SV6503,SV6503
SUZUKI,SV650A,SV650A
SUZUKI,SV65SU,SV65SU
SUZUKI,SWIFT,SWIFT
SUZUKI,SWIIFT,SWIIFT
SUZUKI,SWITH,SWITH
SUZUKI,SWIVT,SWIVT
SUZUKI,SWOFT,SWOFT
SUZUKI,UK110,UK110
SUZUKI,UK110N,UK110N
SUZUKI,UN125,UN125
SUZUKI,UN125M,UN125M
SUZUKI,UN125N,UN125N
SUZUKI,UNI25,UNI25
SUZUKI,UZ,UZ
SUZUKI,UZ SWI,UZ SWI
SUZUKI,VITARA,VITARA
SUZUKI,VITATA,VITATA
SUZUKI,VSTROM,VSTROM
SUZUKI,XF650,XF650
SUZUKI,Z400E,Z400E
TESLA,,
TESLA,2023,2023
TESLA,3,3
TESLA,COROLL,COROLL
TESLA,HILUX,HILUX
TESLA,M3 LR,M3 LR
TESLA,M3 LRR,M3 LRR
TESLA,M3 PRF,M3 PRF
TESLA,M3 RWD,M3 RWD
TESLA,M3PRF,M3PRF
TESLA,MR RWD,MR RWD
TESLA,MY LR,MY LR
TESLA,MY PER,MY PER
TESLA,MY PRF,MY PRF
TESLA,MY RWD,MY RWD
TESLA,MYL LR,MYL LR
TESLA,MYLR,MYLR
TESLA,MYRWD,MYRWD
TESLA,TG3241,TG3241
TESLA,Y RWD,Y RWD
TOYOTA,,
TOYOTA,1GD141,1GD141
TOYOTA,1GD172,1GD172
TOYOTA,1GD578,1GD578
TOYOTA,1GD915,1GD915
TOYOTA,1GD917,1GD917
TOYOTA,1GD924,1GD924
TOYOTA,2023,2023
TOYOTA,2024,2024
TOYOTA,2025,2025
TOYOTA,2ZR2V7,2ZR2V7
TOYOTA,2ZR2V8,2ZR2V8
TOYOTA,2ZR3A0,2ZR3A0
TOYOTA,2ZR3E7,2ZR3E7
TOYOTA,300,300
TOYOTA,300 GR,300 GR
TOYOTA,300 GX,300 GX
TOYOTA,32-8FG,32 8FG
TOYOTA,32 8FG,32 8FG
TOYOTA,328,328
TOYOTA,328FG,328FG
TOYOTA,328FG1,328FG1
TOYOTA,328FG2,328FG2
TOYOTA,328FG3,328FG3
TOYOTA,328FGK,328FGK
TOYOTA,427FG2,427FG2
TOYOTA,4RUNER,4RUNER
TOYOTA,62-8FD,62 8FD
TOYOTA,628FD,628FD
TOYOTA,628FD2,628FD2
TOYOTA,79 LAN,79 LAN
TOYOTA,79 SER,79 SER
TOYOTA,79 WOR,79 WOR
TOYOTA,7FBE18,7FBE18
TOYOTA,7FBE20,7FBE20
TOYOTA,85GK25,85GK25
TOYOTA,86,86
TOYOTA,86 GR,86 GR
TOYOTA,86 GTS,86 GTS
TOYOTA,8FBE18,8FBE18
TOYOTA,8FBE20,8FBE20
TOYOTA,8FBN25,8FBN25
TOYOTA,8FD18,8FD18
TOYOTA,8FD35N,8FD35N
TOYOTA,8FD50N,8FD50N
TOYOTA,8FD5ON,8FD5ON
TOYOTA,8FG25,8FG25
TOYOTA,8FG40N,8FG40N
TOYOTA,8FG4ON,8FG4ON
TOYOTA,8FGK20,8FGK20
TOYOTA,8FGK25,8FGK25
TOYOTA,A25A0D,A25A0D
TOYOTA,A25AS2,A25AS2
TOYOTA,A25AS3,A25AS3
TOYOTA,A25AS4,A25AS4
TOYOTA,A25AS5,A25AS5
TOYOTA,A25AS6,A25AS6
TOYOTA,A25AV7,A25AV7
TOYOTA,A25AX0,A25AX0
TOYOTA,ACOROL,ACOROL
TOYOTA,ALPH,ALPH
TOYOTA,ALPHA,ALPHA
TOYOTA,ALPHAR,ALPHAR
TOYOTA,ALPHRD,ALPHRD
TOYOTA,AOROLL,AOROLL
TOYOTA,ASCENT,ASCENT
TOYOTA,BT 50,BT 50
TOYOTA,BT50 D,BT50 D
TOYOTA,BZ 4X,BZ 4X
TOYOTA,BZ4,BZ4
TOYOTA,BZ4X,BZ4X
TOYOTA,BZ4X 2,BZ4X 2
TOYOTA,BZ4X A,BZ4X A
TOYOTA,BZ4X E,BZ4X E
TOYOTA,BZ4X S,BZ4X S
TOYOTA,BZX4,BZX4
TOYOTA,BZX4 T,BZX4 T
TOYOTA,C HR,C HR
TOYOTA,C-HR,C HR
TOYOTA,C HR A,C HR A
TOYOTA,C HR G,C HR G
TOYOTA,C-HR H,C HR H
TOYOTA,C HR H,C HR H
TOYOTA,C HR K,C HR K
TOYOTA,CAMERY,CAMERY
TOYOTA,CAMRTY,CAMRTY
TOYOTA,CAMRY,CAMRY
TOYOTA,CAROLA,CAROLA
TOYOTA,CH R,CH R
TOYOTA,CH R G,CH R G
TOYOTA,CHE,CHE
TOYOTA,CHR,CHR
TOYOTA,CHR GR,CHR GR
TOYOTA,CHR GX,CHR GX
TOYOTA,CHR  H,CHR H
TOYOTA,CHR HR,CHR HR
TOYOTA,CHR HY,CHR HY
TOYOTA,CHR  K,CHR K
TOYOTA,CHR KO,CHR KO
TOYOTA,CHR SP,CHR SP
TOYOTA,CHRH,CHRH
TOYOTA,CHRH K,CHRH K
TOYOTA,CMARY,CMARY
TOYOTA,COASTE,COASTE
TOYOTA,COASTR,COASTR
TOYOTA,COLROL,COLROL
TOYOTA,COMM,COMM
TOYOTA,COMMUT,COMMUT
TOYOTA,COR,COR
TOYOTA,CORALL,CORALL
TOYOTA,CORLAC,CORLAC
TOYOTA,CORLLA,CORLLA
TOYOTA,CORLLL,CORLLL
TOYOTA,CORO H,CORO H
TOYOTA,COROL,COROL
TOYOTA,COROLA,COROLA
TOYOTA,COROLK,COROLK
TOYOTA,COROLL,COROLL
TOYOTA,CORROL,CORROL
TOYOTA,COXH,COXH
TOYOTA,CROLLA,CROLLA
TOYOTA,CROSS,CROSS
TOYOTA,CROWN,CROWN
TOYOTA,CRW SP,CRW SP
TOYOTA,CX3,CX3
TOYOTA,CX60 D,CX60 D
TOYOTA,CX70,CX70
TOYOTA,CYBERS,CYBERS
TOYOTA,DC SR5,DC SR5
TOYOTA,DMAX,DMAX
TOYOTA,E6218,E6218
TOYOTA,F33A01,F33A01
TOYOTA,FDZN25,FDZN25
TOYOTA,FORTNE,FORTNE
TOYOTA,FORTUN,FORTUN
TOYOTA,FORTUR,FORTUR
TOYOTA,FORUNE,FORUNE
TOYOTA,FORUTU,FORUTU
TOYOTA,GORTUN,GORTUN
TOYOTA,GR,GR
TOYOTA,GR 86,GR 86
TOYOTA,GR COR,GR COR
TOYOTA,GR SUP,GR SUP
TOYOTA,GR YAR,GR YAR
TOYOTA,GR8 GT,GR8 GT
TOYOTA,GR86,GR86
TOYOTA,GR86 1,GR86 1
TOYOTA,GR86 G,GR86 G
TOYOTA,GR86GT,GR86GT
TOYOTA,GRANVI,GRANVI
TOYOTA,GRS,GRS
TOYOTA,GRYARI,GRYARI
TOYOTA,GTS GR,GTS GR
TOYOTA,GXL,GXL
TOYOTA,HAICE,HAICE
TOYOTA,HARRIE,HARRIE
TOYOTA,HGILUX,HGILUX
TOYOTA,HHILUX,HHILUX
TOYOTA,HI ACE,HI ACE
TOYOTA,HI LIX,HI LIX
TOYOTA,HI LUX,HI LUX
TOYOTA,HIACE,HIACE
TOYOTA,HIAVE,HIAVE
TOYOTA,HIILUX,HIILUX
TOYOTA,HIKUX,HIKUX
TOYOTA,HIL,HIL
TOYOTA,HILIUX,HILIUX
TOYOTA,HILIX,HILIX
TOYOTA,HILKUX,HILKUX
TOYOTA,HILLUX,HILLUX
TOYOTA,HILUC,HILUC
TOYOTA,HILUIX,HILUIX
TOYOTA,HILUS,HILUS
TOYOTA,HILUX,HILUX
TOYOTA,HILUXT,HILUXT
TOYOTA,HILX,HILX
TOYOTA,HILX D,HILX D
TOYOTA,HILYX,HILYX
TOYOTA,HIULUX,HIULUX
TOYOTA,HIULX,HIULX
TOYOTA,HIUX R,HIUX R
TOYOTA,HIUX S,HIUX S
TOYOTA,HLIUX,HLIUX
TOYOTA,HLUX X,HLUX X
TOYOTA,HUACE,HUACE
TOYOTA,HULIX,HULIX
TOYOTA,HULUX,HULUX
TOYOTA,ILUX,ILUX
TOYOTA,JILUX,JILUX
TOYOTA,JIMNY,JIMNY
TOYOTA,KKUGER,KKUGER
TOYOTA,KLGER,KLGER
TOYOTA,KLKUGE,KLKUGE
TOYOTA,KLUG,KLUG
TOYOTA,KLUGBE,KLUGBE
TOYOTA,KLUGER,KLUGER
TOYOTA,KLUH,KLUH
TOYOTA,KLYGER,KLYGER
TOYOTA,KOBA,KOBA
TOYOTA,KULGER,KULGER
TOYOTA,LAN300,LAN300
TOYOTA,LANCDR,LANCDR
TOYOTA,LANCRU,LANCRU
TOYOTA,LAND,LAND
TOYOTA,LAND C,LAND C
TOYOTA,LAND70,LAND70
TOYOTA,LAND76,LAND76
TOYOTA,LAND78,LAND78
TOYOTA,LAND79,LAND79
TOYOTA,LANDC,LANDC
TOYOTA,LANDCC,LANDCC
TOYOTA,LANDCR,LANDCR
TOYOTA,LANDCU,LANDCU
TOYOTA,LANDDC,LANDDC
TOYOTA,LANDRC,LANDRC
TOYOTA,LANDRR,LANDRR
TOYOTA,LANSCR,LANSCR
TOYOTA,LC 300,LC 300
TOYOTA,LC 70,LC 70
TOYOTA,LC 76,LC 76
TOYOTA,LC 78,LC 78
TOYOTA,LC 79,LC 79
TOYOTA,LC 90,LC 90
TOYOTA,LC GRS,LC GRS
TOYOTA,LC GXL,LC GXL
TOYOTA,LC MIL,LC MIL
TOYOTA,LC PRA,LC PRA
TOYOTA,LC SAH,LC SAH
TOYOTA,LC WOR,LC WOR
TOYOTA,LC ZX,LC ZX
TOYOTA,LC300,LC300
TOYOTA,LC30O,LC30O
TOYOTA,LC3200,LC3200
TOYOTA,LC70,LC70
TOYOTA,LC70 G,LC70 G
TOYOTA,LC70 V,LC70 V
TOYOTA,LC76,LC76
TOYOTA,LC76 G,LC76 G
TOYOTA,LC78,LC78
TOYOTA,LC78 T,LC78 T
TOYOTA,LC79,LC79
TOYOTA,LC79 C,LC79 C
TOYOTA,LC79 D,LC79 D
TOYOTA,LC79 G,LC79 G
TOYOTA,LC79 M,LC79 M
TOYOTA,LC79 W,LC79 W
TOYOTA,LCMIL,LCMIL
TOYOTA,LCRUIS,LCRUIS
TOYOTA,LCRUIU,LCRUIU
TOYOTA,LMIL 7,LMIL 7
TOYOTA,LMIL L,LMIL L
TOYOTA,LMIL79,LMIL79
TOYOTA,M15AY9,M15AY9
TOYOTA,M20A07,M20A07
TOYOTA,M20A08,M20A08
TOYOTA,MDT HI,MDT HI
TOYOTA,MG ZS,MG ZS
TOYOTA,MILITA,MILITA
TOYOTA,MIRAI,MIRAI
TOYOTA,MY26 T,MY26 T
TOYOTA,OUTLAN,OUTLAN
TOYOTA,PARDO,PARDO
TOYOTA,PAV4,PAV4
TOYOTA,PR,PR
TOYOTA,PRA,PRA
TOYOTA,PRAD,PRAD
TOYOTA,PRADO,PRADO
TOYOTA,PRAO,PRAO
TOYOTA,PRDAO,PRDAO
TOYOTA,PRIUS,PRIUS
TOYOTA,RA4 GX,RA4 GX
TOYOTA,RAB 4,RAB 4
TOYOTA,RAB4,RAB4
TOYOTA,RAC4 E,RAC4 E
TOYOTA,RAC4 G,RAC4 G
TOYOTA,RACV4,RACV4
TOYOTA,RANGER,RANGER
TOYOTA,RAV,RAV
TOYOTA,RAV 4,RAV 4
TOYOTA,RAV GL,RAV GL
TOYOTA,RAV GX,RAV GX
TOYOTA,RAV HY,RAV HY
TOYOTA,RAV3,RAV3
TOYOTA,RAV4,RAV4
TOYOTA,RAV4 2,RAV4 2
TOYOTA,RAV4 C,RAV4 C
TOYOTA,RAV4 E,RAV4 E
TOYOTA,RAV4 G,RAV4 G
TOYOTA,RAV4 H,RAV4 H
TOYOTA,RAV4 X,RAV4 X
TOYOTA,RAV4CR,RAV4CR
TOYOTA,RAVE 4,RAVE 4
TOYOTA,RAVH,RAVH
TOYOTA,RAVH C,RAVH C
TOYOTA,RAVH G,RAVH G
TOYOTA,RAVH H,RAVH H
TOYOTA,RAVR H,RAVR H
TOYOTA,ROGUE,ROGUE
TOYOTA,RQV4,RQV4
TOYOTA,SAHARA,SAHARA
TOYOTA,SAS25C,SAS25C
TOYOTA,SEDAN,SEDAN
TOYOTA,SHERWO,SHERWO
TOYOTA,SILVER,SILVER
TOYOTA,SR HIL,SR HIL
TOYOTA,SR5,SR5
TOYOTA,SR5 HI,SR5 HI
TOYOTA,SUNCAM,SUNCAM
TOYOTA,SUPRA,SUPRA
TOYOTA,T ROC,T ROC
TOYOTA,TACOMA,TACOMA
TOYOTA,TARIS,TARIS
TOYOTA,TASMAN,TASMAN
TOYOTA,TAV4,TAV4
TOYOTA,TOYOTA,TOYOTA
TOYOTA,TRUNDR,TRUNDR
TOYOTA,TUNDRA,TUNDRA
TOYOTA,VELLFI,VELLFI
TOYOTA,VITZ,VITZ
TOYOTA,VOXY,VOXY
TOYOTA,WAGON,WAGON
TOYOTA,WHITE,WHITE
TOYOTA,WORKMA,WORKMA
TOYOTA,XTRAIL,XTRAIL
TOYOTA,XUV700,XUV700
TOYOTA,YAR,YAR
TOYOTA,YARIS,YARIS
TOYOTA,YARISG,YARISG
TOYOTA,YARISS,YARISS
TOYOTA,YARISX,YARISX
TOYOTA,YAROS,YAROS
TOYOTA,YARRIS,YARRIS
TOYOTA,YAXH,YAXH
TOYOTA,YAXH 2,YAXH 2
TOYOTA,YEAIS,YEAIS
TOYOTA,YRAIS,YRAIS
TOYOTA,ZST VI,ZST VI
VOLVO,,
VOLVO,009,009
VOLVO,16S,16S
VOLVO,796920,796920
VOLVO,B0E,B0E
VOLVO,B0E BZ,B0E BZ
VOLVO,B0EBZL,B0EBZL
VOLVO,B11R,B11R
VOLVO,B11R E,B11R E
VOLVO,B13R,B13R
VOLVO,B13R E,B13R E
VOLVO,B8R,B8R
VOLVO,B8R E6,B8R E6
VOLVO,B8R EU,B8R EU
VOLVO,B8RE6,B8RE6
VOLVO,B8RLE,B8RLE
VOLVO,BOEBZL,BOEBZL
VOLVO,BZL,BZL
VOLVO,C40,C40
VOLVO,C40 EL,C40 EL
VOLVO,C40 RE,C40 RE
VOLVO,C41,C41
VOLVO,CBU-FH,CBU FH
VOLVO,CBU GL,CBU GL
VOLVO,CBUFH1,CBUFH1
VOLVO,CT6000,CT6000
VOLVO,CX60,CX60
VOLVO,CX90,CX90
VOLVO,E40,E40
VOLVO,EC140D,EC140D
VOLVO,EC220,EC220
VOLVO,EC250,EC250
VOLVO,ES90,ES90
VOLVO,EX20,EX20
VOLVO,EX30,EX30
VOLVO,EX30 C,EX30 C
VOLVO,EX30 E,EX30 E
VOLVO,EX30 T,EX30 T
VOLVO,EX30CC,EX30CC
VOLVO,EX40,EX40
VOLVO,EX40 B,EX40 B
VOLVO,EX60,EX60
VOLVO,EX90,EX90
VOLVO,EX90 R,EX90 R
VOLVO,EX90 U,EX90 U
VOLVO,FE,FE
VOLVO,FE 280,FE 280
VOLVO,FE 320,FE 320
VOLVO,FE280,FE280
VOLVO,FE320,FE320
VOLVO,FE350,FE350
VOLVO,FE4X2R,FE4X2R
VOLVO,FE8,FE8
VOLVO,FH,FH
VOLVO,FH 600,FH 600
VOLVO,FH13,FH13
VOLVO,FH16,FH16
VOLVO,FH18,FH18
VOLVO,FH450,FH450
VOLVO,FH500,FH500
VOLVO,FH540,FH540
VOLVO,FH550,FH550
VOLVO,FH600,FH600
VOLVO,FH647,FH647
VOLVO,FH64T,FH64T
VOLVO,FH650,FH650
VOLVO,FH6X47,FH6X47
VOLVO,FH700,FH700
VOLVO,FH780,FH780
VOLVO,FHCCAB,FHCCAB
VOLVO,FL,FL
VOLVO,FM,FM
VOLVO,FM 460,FM 460
VOLVO,FM 500,FM 500
VOLVO,FM 600,FM 600
VOLVO,FM 6X4,FM 6X4
VOLVO,FM11,FM11
VOLVO,FM11 8,FM11 8
VOLVO,FM13,FM13
VOLVO,FM13 8,FM13 8
VOLVO,FM300,FM300
VOLVO,FM330,FM330
VOLVO,FM370,FM370
VOLVO,FM410,FM410
VOLVO,FM430,FM430
VOLVO,FM450,FM450
VOLVO,FM460,FM460
VOLVO,FM500,FM500
VOLVO,FM540,FM540
VOLVO,FM5400,FM5400
VOLVO,FM54O,FM54O
VOLVO,FMX,FMX
VOLVO,FMX13,FMX13
VOLVO,FMX450,FMX450
VOLVO,FMX460,FMX460
VOLVO,FMX50,FMX50
VOLVO,FMX500,FMX500
VOLVO,FMX540,FMX540
VOLVO,G940,G940
VOLVO,HS,HS
VOLVO,IRIZAR,IRIZAR
VOLVO,L120F,L120F
VOLVO,L120H,L120H
VOLVO,L150H,L150H
VOLVO,L50H,L50H
VOLVO,L50HS,L50HS
VOLVO,L604,L604
VOLVO,L60E,L60E
VOLVO,L70H2,L70H2
VOLVO,L90H,L90H
VOLVO,L90H2,L90H2
VOLVO,L90HZ,L90HZ
VOLVO,MY25 E,MY25 E
VOLVO,MY25 V,MY25 V
VOLVO,MY25 X,MY25 X
VOLVO,OMNIBU,OMNIBU
VOLVO,S60,S60
VOLVO,S60 RE,S60 RE
VOLVO,TCROSS,TCROSS
VOLVO,V60,V60
VOLVO,V60 CC,V60 CC
VOLVO,V60 CR,V60 CR
VOLVO,X RWD,X RWD
VOLVO,X40,X40
VOLVO,XC4,XC4
VOLVO,XC40,XC40
VOLVO,XC40 B,XC40 B
VOLVO,XC40 P,XC40 P
VOLVO,XC40 R,XC40 R
VOLVO,XC40 U,XC40 U
VOLVO,XC40RE,XC40RE
VOLVO,XC60,XC60
VOLVO,XC60 B,XC60 B
VOLVO,XC60 P,XC60 P
VOLVO,XC60 R,XC60 R
VOLVO,XC60 U,XC60 U
VOLVO,XC690,XC690
VOLVO,XC90,XC90
VOLVO,XC90 R,XC90 R
VOLVO,XC90 U,XC90 U
VOLVO,XC90UL,XC90UL
