make_standardized,model_raw,model_standardized,ev_category
ABARTH,500,500,ICE
ABARTH,500E,500E,ICE
ABARTH,500E T,500E T,ICE
ABARTH,695,695,ICE
ABARTH,695 75,695 75,ICE
ABARTH,695 CO,695 CO,ICE
ABARTH,ABARTH,ABARTH,ICE
ABARTH,EV 500,EV 500,BEV
AUDI,NAN,NAN,ICE
AUDI,A1,A1,ICE
AUDI,A1 SPO,A1 SPO,ICE
AUDI,A3,A3,ICE
AUDI,A3 SPO,A3 SPO,ICE
AUDI,A4,A4,ICE
AUDI,A4 ALL,A4 ALL,ICE
AUDI,A4 AVA,A4 AVA,ICE
AUDI,A5,A5,ICE
AUDI,A5 AVA,A5 AVA,ICE
AUDI,A5 HYB,A5 HYB,ICE
AUDI,A6,A6,ICE
AUDI,A6 ALL,A6 ALL,ICE
AUDI,A7,A7,ICE
AUDI,A8,A8,ICE
AUDI,CWG 21,CWG 21,ICE
AUDI,CZDC76,CZDC76,ICE
AUDI,E-TRON,E-TRON,BEV
AUDI,GIULIA,GIULIA,ICE
AUDI,Q1,Q1,ICE
AUDI,Q2,Q2,ICE
AUDI,Q3,Q3,ICE
AUDI,Q3 SPO,Q3 SPO,ICE
AUDI,Q4,Q4,ICE
AUDI,Q4 E T,Q4 E T,ICE
AUDI,Q4 E-T,Q4 E-T,ICE
AUDI,Q4 ETR,Q4 ETR,ICE
AUDI,Q4 SPO,Q4 SPO,ICE
AUDI,Q4ETRO,Q4ETRO,ICE
AUDI,Q5,Q5,ICE
AUDI,Q5 E,Q5 E,ICE
AUDI,Q5 SPO,Q5 SPO,ICE
AUDI,Q6,Q6,ICE
AUDI,Q6 E-T,Q6 E-T,ICE
AUDI,Q6 ETR,Q6 ETR,ICE
AUDI,Q6E-TR,Q6E-TR,ICE
AUDI,Q7,Q7,ICE
AUDI,Q7 QUA,Q7 QUA,ICE
AUDI,Q8,Q8,ICE
AUDI,Q8 60,Q8 60,ICE
AUDI,Q8 E,Q8 E,ICE
AUDI,Q8 E T,Q8 E T,ICE
AUDI,Q8 E-T,Q8 E-T,ICE
AUDI,Q8 ETR,Q8 ETR,ICE
AUDI,QA,QA,ICE
AUDI,R7 SPO,R7 SPO,ICE
AUDI,RS 3,RS 3,ICE
AUDI,RS 4 A,RS 4 A,ICE
AUDI,RS 5,RS 5,ICE
AUDI,RS 6,RS 6,ICE
AUDI,RS E T,RS E T,ICE
AUDI,RS ETR,RS ETR,ICE
AUDI,RS Q3,RS Q3,ICE
AUDI,RS Q8,RS Q8,ICE
AUDI,RS3,RS3,ICE
AUDI,RS4,RS4,ICE
AUDI,RS4 AV,RS4 AV,ICE
AUDI,RS5,RS5,ICE
AUDI,RS6,RS6,ICE
AUDI,RS6 AV,RS6 AV,ICE
AUDI,RS6 GT,RS6 GT,ICE
AUDI,RS7,RS7,ICE
AUDI,RSETRO,RSETRO,ICE
AUDI,RSQ3,RSQ3,ICE
AUDI,RSQ8,RSQ8,ICE
AUDI,S3,S3,ICE
AUDI,S3 SPO,S3 SPO,ICE
AUDI,S4,S4,ICE
AUDI,S4 AV,S4 AV,ICE
AUDI,S5,S5,ICE
AUDI,S5 AVA,S5 AVA,ICE
AUDI,S6,S6,ICE
AUDI,S7,S7,ICE
AUDI,S8,S8,ICE
AUDI,SQ2,SQ2,ICE
AUDI,SQ5,SQ5,ICE
AUDI,SQ5 TF,SQ5 TF,ICE
AUDI,SQ6,SQ6,ICE
AUDI,SQ6 ET,SQ6 ET,ICE
AUDI,SQ7,SQ7,ICE
AUDI,SQ8,SQ8,ICE
AUDI,SQ8 ET,SQ8 ET,ICE
AUDI,TT,TT,ICE
AUDI,TT 45,TT 45,ICE
AUDI,TT COU,TT COU,ICE
AUDI,TT S C,TT S C,ICE
AUDI,TTRS,TTRS,ICE
BMW,1 SERI,1 SERI,ICE
BMW,118,118,ICE
BMW,118 HA,118 HA,ICE
BMW,1181,1181,ICE
BMW,118I,118I,ICE
BMW,118I H,118I H,ICE
BMW,120,120,ICE
BMW,120 HA,120 HA,ICE
BMW,120I,120I,ICE
BMW,1250GS,1250GS,ICE
BMW,128,128,ICE
BMW,128I,128I,ICE
BMW,128TI,128TI,ICE
BMW,12AK,12AK,ICE
BMW,12EV,12EV,BEV
BMW,12EY,12EY,ICE
BMW,12GE,12GE,ICE
BMW,12GE 1,12GE 1,ICE
BMW,1X,1X,ICE
BMW,1X1,1X1,ICE
BMW,1X2,1X2,ICE
BMW,1X2 30,1X2 30,ICE
BMW,2,2,ICE
BMW,2 SERI,2 SERI,ICE
BMW,218,218,ICE
BMW,218 GC,218 GC,ICE
BMW,218 GR,218 GR,ICE
BMW,218I,218I,ICE
BMW,218I G,218I G,ICE
BMW,218I X,218I X,ICE
BMW,220,220,ICE
BMW,220 GC,220 GC,ICE
BMW,220 GR,220 GR,ICE
BMW,220I,220I,ICE
BMW,220I C,220I C,ICE
BMW,220I G,220I G,ICE
BMW,220I M,220I M,ICE
BMW,220I S,220I S,ICE
BMW,223I,223I,ICE
BMW,22EE,22EE,ICE
BMW,22EM,22EM,ICE
BMW,22EN,22EN,ICE
BMW,230,230,ICE
BMW,230I,230I,ICE
BMW,230I C,230I C,ICE
BMW,230I M,230I M,ICE
BMW,2318I,2318I,ICE
BMW,235I,235I,ICE
BMW,240I,240I,ICE
BMW,3,3,ICE
BMW,3 SERI,3 SERI,ICE
BMW,30I,30I,ICE
BMW,320,320,ICE
BMW,320I,320I,ICE
BMW,32EU,32EU,ICE
BMW,32GP,32GP,ICE
BMW,330,330,ICE
BMW,330E,330E,ICE
BMW,330I,330I,ICE
BMW,330I S,330I S,ICE
BMW,330I T,330I T,ICE
BMW,330ITR,330ITR,ICE
BMW,340I,340I,ICE
BMW,36GP,36GP,ICE
BMW,3SER,3SER,ICE
BMW,4 SERI,4 SERI,ICE
BMW,420I,420I,ICE
BMW,420I C,420I C,ICE
BMW,420I G,420I G,ICE
BMW,420I M,420I M,ICE
BMW,42DT,42DT,ICE
BMW,42GM,42GM,ICE
BMW,430,430,ICE
BMW,430GC,430GC,ICE
BMW,430I,430I,ICE
BMW,430I C,430I C,ICE
BMW,430I G,430I G,ICE
BMW,440I,440I,ICE
BMW,5 SERI,5 SERI,ICE
BMW,520I,520I,ICE
BMW,520I S,520I S,ICE
BMW,52EE,52EE,ICE
BMW,52GM,52GM,ICE
BMW,530D,530D,ICE
BMW,530D T,530D T,ICE
BMW,530E,530E,ICE
BMW,530I,530I,ICE
BMW,540D,540D,ICE
BMW,540D S,540D S,ICE
BMW,540D X,540D X,ICE
BMW,56DP,56DP,ICE
BMW,6X,6X,ICE
BMW,7 SERI,7 SERI,ICE
BMW,740,740,ICE
BMW,740I,740I,ICE
BMW,760I,760I,ICE
BMW,8 SERI,8 SERI,ICE
BMW,82GM,82GM,ICE
BMW,840I,840I,ICE
BMW,840I C,840I C,ICE
BMW,840I G,840I G,ICE
BMW,850I,850I,ICE
BMW,86DP,86DP,ICE
BMW,ACEMAN,ACEMAN,ICE
BMW,ALPINA,ALPINA,ICE
BMW,APLINA,APLINA,ICE
BMW,BMW,BMW,ICE
BMW,BMW X5,BMW X5,ICE
BMW,C 400,C 400,ICE
BMW,C400 G,C400 G,ICE
BMW,C400 X,C400 X,ICE
BMW,C400GT,C400GT,ICE
BMW,C400X,C400X,ICE
BMW,CE 04,CE 04,ICE
BMW,CE04,CE04,ICE
BMW,CE04 A,CE04 A,ICE
BMW,COOPER,COOPER,ICE
BMW,COUNTR,COUNTR,ICE
BMW,COUNTY,COUNTY,ICE
BMW,CX30,CX30,ICE
BMW,F 750,F 750,ICE
BMW,F 800,F 800,ICE
BMW,F 850,F 850,ICE
BMW,F 900,F 900,ICE
BMW,F36 42,F36 42,ICE
BMW,F578P9,F578P9,ICE
BMW,F70 M1,F70 M1,ICE
BMW,F74200,F74200,ICE
BMW,F750 G,F750 G,ICE
BMW,F750GS,F750GS,ICE
BMW,F800 G,F800 G,ICE
BMW,F800GS,F800GS,ICE
BMW,F850 G,F850 G,ICE
BMW,F850GS,F850GS,ICE
BMW,F900,F900,ICE
BMW,F900 G,F900 G,ICE
BMW,F900 R,F900 R,ICE
BMW,F900 X,F900 X,ICE
BMW,F900GS,F900GS,ICE
BMW,F900R,F900R,ICE
BMW,F900XR,F900XR,ICE
BMW,G 310,G 310,ICE
BMW,G 310R,G 310R,ICE
BMW,G05 X5,G05 X5,ICE
BMW,G310 G,G310 G,ICE
BMW,G310 R,G310 R,ICE
BMW,G3103S,G3103S,ICE
BMW,G310GS,G310GS,ICE
BMW,G310R,G310R,ICE
BMW,G42 23,G42 23,ICE
BMW,G87 M2,G87 M2,ICE
BMW,GLB200,GLB200,ICE
BMW,I4,I4,ICE
BMW,I4 35,I4 35,ICE
BMW,I4 35E,I4 35E,ICE
BMW,I4 3S,I4 3S,ICE
BMW,I4 40,I4 40,ICE
BMW,I4 E35,I4 E35,ICE
BMW,I4 E40,I4 E40,ICE
BMW,I4 EDR,I4 EDR,ICE
BMW,I4 M50,I4 M50,ICE
BMW,I440,I440,ICE
BMW,I5,I5,ICE
BMW,I5 40,I5 40,ICE
BMW,I5 60,I5 60,ICE
BMW,I5 E40,I5 E40,ICE
BMW,I5 EDR,I5 EDR,ICE
BMW,I5 M60,I5 M60,ICE
BMW,I7,I7,ICE
BMW,I7 60,I7 60,ICE
BMW,I7 M70,I7 M70,ICE
BMW,I7 X D,I7 X D,ICE
BMW,I7 XDR,I7 XDR,ICE
BMW,I760,I760,ICE
BMW,II8I,II8I,ICE
BMW,IX,IX,ICE
BMW,IX 2,IX 2,ICE
BMW,IX 3,IX 3,ICE
BMW,IX 40,IX 40,ICE
BMW,IX 45,IX 45,ICE
BMW,IX 50,IX 50,ICE
BMW,IX E45,IX E45,ICE
BMW,IX M60,IX M60,ICE
BMW,IX X45,IX X45,ICE
BMW,IX X50,IX X50,ICE
BMW,IX XDR,IX XDR,ICE
BMW,IX1,IX1,ICE
BMW,IX1 2,IX1 2,ICE
BMW,IX1 20,IX1 20,ICE
BMW,IX1 30,IX1 30,ICE
BMW,IX1 E2,IX1 E2,ICE
BMW,IX1 ED,IX1 ED,ICE
BMW,IX1 XD,IX1 XD,ICE
BMW,IX120,IX120,ICE
BMW,IX130,IX130,ICE
BMW,IX1XDR,IX1XDR,ICE
BMW,IX2,IX2,ICE
BMW,IX2 20,IX2 20,ICE
BMW,IX2 30,IX2 30,ICE
BMW,IX2 ED,IX2 ED,ICE
BMW,IX2 XD,IX2 XD,ICE
BMW,IX3,IX3,ICE
BMW,IX3 M,IX3 M,ICE
BMW,IX3 MS,IX3 MS,ICE
BMW,IX4,IX4,ICE
BMW,IX40,IX40,ICE
BMW,IX45,IX45,ICE
BMW,IX50,IX50,ICE
BMW,IXDRIV,IXDRIV,ICE
BMW,IXL,IXL,ICE
BMW,JCW,JCW,ICE
BMW,JCW E,JCW E,ICE
BMW,K 160,K 160,ICE
BMW,K 1600,K 1600,ICE
BMW,K1000G,K1000G,ICE
BMW,K1600,K1600,ICE
BMW,K1600B,K1600B,ICE
BMW,K1600G,K1600G,ICE
BMW,M 1000,M 1000,ICE
BMW,M1 35I,M1 35I,ICE
BMW,M1000,M1000,ICE
BMW,M1000R,M1000R,ICE
BMW,M1000X,M1000X,ICE
BMW,M135,M135,ICE
BMW,M135 H,M135 H,ICE
BMW,M135 X,M135 X,ICE
BMW,M135I,M135I,ICE
BMW,M2,M2,ICE
BMW,M2 COU,M2 COU,ICE
BMW,M2 CS,M2 CS,ICE
BMW,M235,M235,ICE
BMW,M235 X,M235 X,ICE
BMW,M235I,M235I,ICE
BMW,M240,M240,ICE
BMW,M240I,M240I,ICE
BMW,M3,M3,ICE
BMW,M3 COM,M3 COM,ICE
BMW,M3 CS,M3 CS,ICE
BMW,M3 TOU,M3 TOU,ICE
BMW,M304I,M304I,ICE
BMW,M340I,M340I,ICE
BMW,M35I,M35I,ICE
BMW,M4,M4,ICE
BMW,M4 40I,M4 40I,ICE
BMW,M4 CO,M4 CO,ICE
BMW,M4 COM,M4 COM,ICE
BMW,M4 CS,M4 CS,ICE
BMW,M440,M440,ICE
BMW,M440I,M440I,ICE
BMW,M5,M5,ICE
BMW,M5 COM,M5 COM,ICE
BMW,M5 TOU,M5 TOU,ICE
BMW,M550I,M550I,ICE
BMW,M8,M8,ICE
BMW,M850I,M850I,ICE
BMW,MINI C,MINI C,ICE
BMW,MULTIS,MULTIS,ICE
BMW,R 12,R 12,ICE
BMW,R 12 G,R 12 G,ICE
BMW,R 12 H,R 12 H,ICE
BMW,R 12 N,R 12 N,ICE
BMW,R 12 O,R 12 O,ICE
BMW,R 12 S,R 12 S,ICE
BMW,R 125,R 125,ICE
BMW,R 1250,R 1250,ICE
BMW,R 12NI,R 12NI,ICE
BMW,R 130,R 130,ICE
BMW,R 1300,R 1300,ICE
BMW,R 18,R 18,ICE
BMW,R 18 1,R 18 1,ICE
BMW,R 18 B,R 18 B,ICE
BMW,R 18 C,R 18 C,ICE
BMW,R 18 H,R 18 H,ICE
BMW,R 18 R,R 18 R,ICE
BMW,R 18 T,R 18 T,ICE
BMW,R NIN,R NIN,ICE
BMW,R NINE,R NINE,ICE
BMW,R12,R12,ICE
BMW,R12 GS,R12 GS,ICE
BMW,R12 NI,R12 NI,ICE
BMW,R12 S,R12 S,ICE
BMW,R1250,R1250,ICE
BMW,R1250G,R1250G,ICE
BMW,R1250R,R1250R,ICE
BMW,R12GS,R12GS,ICE
BMW,R12NIN,R12NIN,ICE
BMW,R12S,R12S,ICE
BMW,R1300,R1300,ICE
BMW,R1300G,R1300G,ICE
BMW,R1300R,R1300R,ICE
BMW,R18,R18,ICE
BMW,R18 B,R18 B,ICE
BMW,R18 BL,R18 BL,ICE
BMW,R18 CL,R18 CL,ICE
BMW,R18 HL,R18 HL,ICE
BMW,R18 RO,R18 RO,ICE
BMW,R18 TR,R18 TR,ICE
BMW,R18B,R18B,ICE
BMW,R18CL,R18CL,ICE
BMW,R18TR,R18TR,ICE
BMW,R9T,R9T,ICE
BMW,RNINET,RNINET,ICE
BMW,S 100,S 100,ICE
BMW,S 1000,S 1000,ICE
BMW,S1000,S1000,ICE
BMW,S10000,S10000,ICE
BMW,S1000R,S1000R,ICE
BMW,S1000X,S1000X,ICE
BMW,S100R,S100R,ICE
BMW,S100RR,S100RR,ICE
BMW,S100XR,S100XR,ICE
BMW,SERIES,SERIES,ICE
BMW,X M40I,X M40I,ICE
BMW,X1,X1,ICE
BMW,X1 18I,X1 18I,ICE
BMW,X1 20,X1 20,ICE
BMW,X1 20I,X1 20I,ICE
BMW,X1 M13,X1 M13,ICE
BMW,X1 M35,X1 M35,ICE
BMW,X1 SDR,X1 SDR,ICE
BMW,X1 X D,X1 X D,ICE
BMW,X1 XDR,X1 XDR,ICE
BMW,X120I,X120I,ICE
BMW,X1M35I,X1M35I,ICE
BMW,X2,X2,ICE
BMW,X2 18I,X2 18I,ICE
BMW,X2 20,X2 20,ICE
BMW,X2 20I,X2 20I,ICE
BMW,X2 M35,X2 M35,ICE
BMW,X2 SDR,X2 SDR,ICE
BMW,X2 XDR,X2 XDR,ICE
BMW,X3,X3,ICE
BMW,X3 20,X3 20,ICE
BMW,X3 20D,X3 20D,ICE
BMW,X3 20I,X3 20I,ICE
BMW,X3 20X,X3 20X,ICE
BMW,X3 30D,X3 30D,ICE
BMW,X3 30E,X3 30E,ICE
BMW,X3 30I,X3 30I,ICE
BMW,X3 3OI,X3 3OI,ICE
BMW,X3 40D,X3 40D,ICE
BMW,X3 M,X3 M,ICE
BMW,X3 M C,X3 M C,ICE
BMW,X3 M40,X3 M40,ICE
BMW,X3 M4O,X3 M4O,ICE
BMW,X3 M50,X3 M50,ICE
BMW,X3 SDR,X3 SDR,ICE
BMW,X3 XDR,X3 XDR,ICE
BMW,X330E,X330E,ICE
BMW,X3M CO,X3M CO,ICE
BMW,X3M40I,X3M40I,ICE
BMW,X4,X4,ICE
BMW,X4 20I,X4 20I,ICE
BMW,X4 30D,X4 30D,ICE
BMW,X4 30I,X4 30I,ICE
BMW,X4 M,X4 M,ICE
BMW,X4 M C,X4 M C,ICE
BMW,X4 M40,X4 M40,ICE
BMW,X4 XDR,X4 XDR,ICE
BMW,X4M,X4M,ICE
BMW,X5,X5,ICE
BMW,X5 30D,X5 30D,ICE
BMW,X5 3OD,X5 3OD,ICE
BMW,X5 40I,X5 40I,ICE
BMW,X5 50E,X5 50E,ICE
BMW,X5 50I,X5 50I,ICE
BMW,X5 D40,X5 D40,ICE
BMW,X5 M,X5 M,ICE
BMW,X5 M C,X5 M C,ICE
BMW,X5 M50,X5 M50,ICE
BMW,X5 M60,X5 M60,ICE
BMW,X5 XDD,X5 XDD,ICE
BMW,X5 XDR,X5 XDR,ICE
BMW,X540I,X540I,ICE
BMW,X550E,X550E,ICE
BMW,X6,X6,ICE
BMW,X6 30D,X6 30D,ICE
BMW,X6 40I,X6 40I,ICE
BMW,X6 M,X6 M,ICE
BMW,X6 M C,X6 M C,ICE
BMW,X6 M50,X6 M50,ICE
BMW,X6 M60,X6 M60,ICE
BMW,X6 X D,X6 X D,ICE
BMW,X6 XDR,X6 XDR,ICE
BMW,X7,X7,ICE
BMW,X7 30D,X7 30D,ICE
BMW,X7 40D,X7 40D,ICE
BMW,X7 40I,X7 40I,ICE
BMW,X7 M60,X7 M60,ICE
BMW,X7 XDR,X7 XDR,ICE
BMW,XD3,XD3,ICE
BMW,XM,XM,ICE
BMW,XM LAB,XM LAB,ICE
BMW,XX6,XX6,ICE
BMW,Z4,Z4,ICE
BMW,Z4 20I,Z4 20I,ICE
BMW,Z4 M40,Z4 M40,ICE
BMW,Z4 SDR,Z4 SDR,ICE
BMW,ZP11,ZP11,ICE
BYD,2024,2024,ICE
BYD,A,A,ICE
BYD,AAA,AAA,ICE
BYD,ATT0 2,ATT0 2,ICE
BYD,ATTO,ATTO,ICE
BYD,ATTO 1,ATTO 1,ICE
BYD,ATTO 2,ATTO 2,ICE
BYD,ATTO 3,ATTO 3,BEV
BYD,ATTO1,ATTO1,ICE
BYD,ATTO2,ATTO2,ICE
BYD,ATTO3,ATTO3,ICE
BYD,ATTP 2,ATTP 2,ICE
BYD,BYD,BYD,ICE
BYD,BYD MY,BYD MY,ICE
BYD,BYD472,BYD472,ICE
BYD,CPD20,CPD20,ICE
BYD,D92A,D92A,ICE
BYD,D9RA,D9RA,ICE
BYD,DEALIO,DEALIO,ICE
BYD,DOLHPI,DOLHPI,ICE
BYD,DOLPH,DOLPH,ICE
BYD,DOLPHI,DOLPHI,ICE
BYD,DOLPHN,DOLPHN,ICE
BYD,DOPHIN,DOPHIN,ICE
BYD,DOPLHI,DOPLHI,ICE
BYD,ECB18S,ECB18S,ICE
BYD,EM2E D,EM2E D,ICE
BYD,EQE,EQE,ICE
BYD,HSARK6,HSARK6,ICE
BYD,LION,LION,ICE
BYD,M9,M9,ICE
BYD,PAH,PAH,ICE
BYD,RANGER,RANGER,ICE
BYD,SA3,SA3,ICE
BYD,SC3E,SC3E,ICE
BYD,SEAION,SEAION,ICE
BYD,SEAL,SEAL,ICE
BYD,SEAL 6,SEAL 6,ICE
BYD,SEAL 7,SEAL 7,ICE
BYD,SEAL6,SEAL6,ICE
BYD,SEAL7,SEAL7,ICE
BYD,SEALI,SEALI,ICE
BYD,SEALI7,SEALI7,ICE
BYD,SEALIN,SEALIN,ICE
BYD,SEALIO,SEALIO,ICE
BYD,SELAIO,SELAIO,ICE
BYD,SHAKR,SHAKR,ICE
BYD,SHARK,SHARK,ICE
BYD,SHARK6,SHARK6,ICE
BYD,SHRK 6,SHRK 6,ICE
BYD,SONG P,SONG P,ICE
BYD,SONGPL,SONGPL,ICE
BYD,SR,SR,ICE
BYD,TZ200X,TZ200X,ICE
BYD,TZ220X,TZ220X,ICE
BYD,U8,U8,ICE
BYD,UK,UK,ICE
CHERY,2024,2024,ICE
CHERY,2025,2025,ICE
CHERY,BX,BX,ICE
CHERY,BX T34,BX T34,ICE
CHERY,C 5,C 5,ICE
CHERY,C 5 UL,C 5 UL,ICE
CHERY,C 5 UR,C 5 UR,ICE
CHERY,C5,C5,ICE
CHERY,C5 MY2,C5 MY2,ICE
CHERY,C5 OMO,C5 OMO,ICE
CHERY,C5 ULT,C5 ULT,ICE
CHERY,C5 URB,C5 URB,ICE
CHERY,CHERY,CHERY,ICE
CHERY,CHR,CHR,ICE
CHERY,E5,E5,ICE
CHERY,E5 BEV,E5 BEV,BEV
CHERY,E5 ULT,E5 ULT,ICE
CHERY,EV5,EV5,BEV
CHERY,EX T34,EX T34,ICE
CHERY,J5,J5,ICE
CHERY,J5 SU,J5 SU,ICE
CHERY,J7,J7,ICE
CHERY,J8,J8,ICE
CHERY,JAECOO,JAECOO,ICE
CHERY,MG U9,MG U9,ICE
CHERY,MY24 T,MY24 T,ICE
CHERY,MY25 C,MY25 C,ICE
CHERY,MY25 T,MY25 T,ICE
CHERY,MY25 U,MY25 U,ICE
CHERY,MY26 T,MY26 T,ICE
CHERY,OMADA,OMADA,ICE
CHERY,OMADA5,OMADA5,ICE
CHERY,OMEDA,OMEDA,ICE
CHERY,OMOA 5,OMOA 5,ICE
CHERY,OMOAD,OMOAD,ICE
CHERY,OMODA,OMODA,ICE
CHERY,OMODA5,OMODA5,ICE
CHERY,OMONDA,OMONDA,ICE
CHERY,ONODA,ONODA,ICE
CHERY,RED,RED,ICE
CHERY,T19C O,T19C O,ICE
CHERY,T31 TI,T31 TI,ICE
CHERY,T32,T32,ICE
CHERY,T32 TI,T32 TI,ICE
CHERY,T34,T34,ICE
CHERY,T34 OM,T34 OM,ICE
CHERY,T35 TI,T35 TI,ICE
CHERY,T3X,T3X,ICE
CHERY,T4 ULT,T4 ULT,ICE
CHERY,T4 URB,T4 URB,ICE
CHERY,T431,T431,ICE
CHERY,T7 CSH,T7 CSH,ICE
CHERY,T8 CSH,T8 CSH,ICE
CHERY,T8 ULT,T8 ULT,ICE
CHERY,T9 CSH,T9 CSH,ICE
CHERY,TGGO 4,TGGO 4,ICE
CHERY,TI,TI,ICE
CHERY,TI41,TI41,ICE
CHERY,TIGGO,TIGGO,ICE
CHERY,TIGG4,TIGG4,ICE
CHERY,TIGGO4,TIGGO4,ICE
CHERY,TIGGO7,TIGGO7,ICE
CHERY,TIGGO8,TIGGO8,ICE
CHERY,TIGGO9,TIGGO9,ICE
CHERY,TIGO 4,TIGO 4,ICE
CHERY,TIGO4,TIGO4,ICE
CHERY,TOGGO,TOGGO,ICE
CHERY,WAGON,WAGON,ICE
CHERY,ZS HEV,ZS HEV,HEV
CUPRA,ATECA,ATECA,ICE
CUPRA,BORN,BORN,BEV
CUPRA,CUPRA,CUPRA,ICE
CUPRA,FORMEN,FORMEN,ICE
CUPRA,FORMET,FORMET,ICE
CUPRA,FORMTR,FORMTR,ICE
CUPRA,LEON,LEON,ICE
CUPRA,LEON S,LEON S,ICE
CUPRA,LEON V,LEON V,ICE
CUPRA,TAVASC,TAVASC,ICE
CUPRA,TERRAM,TERRAM,ICE
DEEPAL,E07,E07,ICE
DEEPAL,EO7,EO7,ICE
DEEPAL,S07,S07,ICE
DEEPAL,SO7,SO7,ICE
DENZA,B5,B5,ICE
DENZA,B5L,B5L,ICE
DENZA,B8,B8,ICE
DENZA,D9,D9,ICE
DODGE,2500 L,2500 L,ICE
DODGE,3500,3500,ICE
DODGE,3500 L,3500 L,ICE
DODGE,CHALL,CHALL,ICE
DODGE,CHALLE,CHALLE,ICE
DODGE,CHALLR,CHALLR,ICE
DODGE,R A M,R A M,ICE
DODGE,RAM,RAM,ICE
DODGE,RAM 15,RAM 15,ICE
DODGE,RAM 25,RAM 25,ICE
DODGE,RAM 35,RAM 35,ICE
DODGE,RAM D1,RAM D1,ICE
DODGE,RAM TR,RAM TR,ICE
FIAT,500,500,ICE
FIAT,500 BE,500 BE,ICE
FIAT,500 DO,500 DO,ICE
FIAT,500 LO,500 LO,ICE
FIAT,500E,500E,ICE
FIAT,500E L,500E L,ICE
FIAT,695 CO,695 CO,ICE
FIAT,ABARIT,ABARIT,ICE
FIAT,ABARTH,ABARTH,ICE
FIAT,APPLAU,APPLAU,ICE
FIAT,B 6832,B 6832,ICE
FIAT,B 6942,B 6942,ICE
FIAT,B6732,B6732,ICE
FIAT,B6832,B6832,ICE
FIAT,B7452,B7452,ICE
FIAT,BIRSDV,BIRSDV,ICE
FIAT,C 7454,C 7454,ICE
FIAT,C 7464,C 7464,ICE
FIAT,C7454,C7454,ICE
FIAT,CASUAR,CASUAR,ICE
FIAT,CONQUE,CONQUE,ICE
FIAT,DESTIN,DESTIN,ICE
FIAT,DUCATI,DUCATI,ICE
FIAT,DUCATO,DUCATO,ICE
FIAT,EMU RV,EMU RV,ICE
FIAT,FA 25,FA 25,ICE
FIAT,FD 19,FD 19,ICE
FIAT,IN3,IN3,ICE
FIAT,IN500,IN500,ICE
FIAT,IN600,IN600,ICE
FIAT,IND600,IND600,ICE
FIAT,INDIE,INDIE,ICE
FIAT,INIE C,INIE C,ICE
FIAT,JAYCON,JAYCON,ICE
FIAT,JRV,JRV,ICE
FIAT,OPTIMU,OPTIMU,ICE
FIAT,RANGER,RANGER,ICE
FIAT,RENTAL,RENTAL,ICE
FIAT,SCUDO,SCUDO,ICE
FIAT,SIGNAT,SIGNAT,ICE
FIAT,TARINO,TARINO,ICE
FIAT,TORINO,TORINO,ICE
FIAT,V 6442,V 6442,ICE
FIAT,V6414,V6414,ICE
FORD,2023,2023,ICE
FORD,2024,2024,ICE
FORD,2025,2025,ICE
FORD,ALL N,ALL N,ICE
FORD,ALL NE,ALL NE,ICE
FORD,ARBRGR,ARBRGR,ICE
FORD,ATTO 2,ATTO 2,ICE
FORD,BF2SRW,BF2SRW,ICE
FORD,D90,D90,ICE
FORD,DD2SRX,DD2SRX,ICE
FORD,E,E,ICE
FORD,E TRAN,E TRAN,ICE
FORD,ERVERE,ERVERE,ICE
FORD,ESCAPE,ESCAPE,ICE
FORD,ESCPAE,ESCPAE,ICE
FORD,EVER,EVER,BEV
FORD,EVERAS,EVERAS,BEV
FORD,EVERER,EVERER,BEV
FORD,EVERES,EVERES,BEV
FORD,EVERRE,EVERRE,BEV
FORD,EVERS,EVERS,BEV
FORD,EVERSE,EVERSE,BEV
FORD,EVERST,EVERST,BEV
FORD,EVERTE,EVERTE,BEV
FORD,EVREST,EVREST,BEV
FORD,EVRRES,EVRRES,BEV
FORD,EXPLOR,EXPLOR,ICE
FORD,F 150,F 150,ICE
FORD,F 250,F 250,ICE
FORD,F 350,F 350,ICE
FORD,F-150,F-150,ICE
FORD,F150,F150,ICE
FORD,F150 L,F150 L,ICE
FORD,F150 P,F150 P,ICE
FORD,F150 S,F150 S,ICE
FORD,F150 X,F150 X,ICE
FORD,F250,F250,ICE
FORD,F250 L,F250 L,ICE
FORD,F250 P,F250 P,ICE
FORD,F250 X,F250 X,ICE
FORD,F250SR,F250SR,ICE
FORD,F350,F350,ICE
FORD,F350 L,F350 L,ICE
FORD,F450,F450,ICE
FORD,FALCON,FALCON,ICE
FORD,FIESTA,FIESTA,ICE
FORD,FOCUS,FOCUS,ICE
FORD,FORD,FORD,ICE
FORD,FORD R,FORD R,ICE
FORD,H6 ULT,H6 ULT,ICE
FORD,JOLION,JOLION,ICE
FORD,KONA,KONA,ICE
FORD,LARIAT,LARIAT,ICE
FORD,LIGHTN,LIGHTN,ICE
FORD,MACH E,MACH E,ICE
FORD,MACHE,MACHE,ICE
FORD,MSTANG,MSTANG,ICE
FORD,MUS,MUS,ICE
FORD,MUSTA,MUSTA,ICE
FORD,MUSTAG,MUSTAG,ICE
FORD,MUSTAN,MUSTAN,ICE
FORD,MUSTNG,MUSTNG,ICE
FORD,P,P,ICE
FORD,PLATIN,PLATIN,ICE
FORD,PUMA,PUMA,ICE
FORD,PUMA S,PUMA S,ICE
FORD,R,R,ICE
FORD,RA,RA,ICE
FORD,RAMGER,RAMGER,ICE
FORD,RAN,RAN,ICE
FORD,RANEGR,RANEGR,ICE
FORD,RANER,RANER,ICE
FORD,RANFER,RANFER,ICE
FORD,RANGE,RANGE,ICE
FORD,RANGEE,RANGEE,ICE
FORD,RANGER,RANGER,ICE
FORD,RANGET,RANGET,ICE
FORD,RANGR,RANGR,ICE
FORD,RANGRT,RANGRT,ICE
FORD,RAPTOR,RAPTOR,ICE
FORD,RAPTPR,RAPTPR,ICE
FORD,RNAGER,RNAGER,ICE
FORD,RNGER,RNGER,ICE
FORD,SANTA,SANTA,ICE
FORD,SDUTY,SDUTY,ICE
FORD,SEAL,SEAL,ICE
FORD,SEALIO,SEALIO,ICE
FORD,SHELBY,SHELBY,ICE
FORD,SPORT,SPORT,ICE
FORD,SUNCAM,SUNCAM,ICE
FORD,SUPER,SUPER,ICE
FORD,SUPERD,SUPERD,ICE
FORD,SUPGD,SUPGD,ICE
FORD,SWIFT,SWIFT,ICE
FORD,TANK 3,TANK 3,ICE
FORD,TANSIT,TANSIT,ICE
FORD,TIGGO,TIGGO,ICE
FORD,TOUARE,TOUARE,ICE
FORD,TOUENE,TOUENE,ICE
FORD,TOURNE,TOURNE,ICE
FORD,TR 545,TR 545,ICE
FORD,TR CUS,TR CUS,ICE
FORD,TR TRA,TR TRA,ICE
FORD,TR5452,TR5452,ICE
FORD,TRANIS,TRANIS,ICE
FORD,TRANIT,TRANIT,ICE
FORD,TRANSI,TRANSI,ICE
FORD,TRANST,TRANST,ICE
FORD,TRASNI,TRASNI,ICE
FORD,TREMOR,TREMOR,ICE
FORD,TUCSON,TUCSON,ICE
FORD,UTE CA,UTE CA,ICE
FORD,VAN,VAN,ICE
FORD,VENUE,VENUE,ICE
FORD,WANGER,WANGER,ICE
FORD,WILDTR,WILDTR,ICE
FORD,XL BLA,XL BLA,ICE
FORD,XL DC,XL DC,ICE
FORD,XLT CA,XLT CA,ICE
FORD,YN2SPX,YN2SPX,ICE
FORD,YN2SSW,YN2SSW,ICE
FORD,YNWSRR,YNWSRR,ICE
FORD,ZRV,ZRV,ICE
GAC,AION,AION,ICE
GAC,AION U,AION U,ICE
GAC,AION V,AION V,ICE
GAC,AIONV,AIONV,ICE
GAC,EMZOOM,EMZOOM,ICE
GAC,M8,M8,ICE
GEELY,COMPLE,COMPLE,ICE
GEELY,EX INS,EX INS,ICE
GEELY,EX4,EX4,ICE
GEELY,EX5,EX5,ICE
GEELY,EX5 CO,EX5 CO,ICE
GEELY,EX5 IN,EX5 IN,ICE
GEELY,INSPIR,INSPIR,ICE
GEELY,INSPRE,INSPRE,ICE
GEELY,STARRA,STARRA,ICE
GEELY,STARRY,STARRY,ICE
HOLDEN,CHEVRO,CHEVRO,HEV
HOLDEN,COMMOD,COMMOD,ICE
HOLDEN,CORVET,CORVET,ICE
HOLDEN,CRV,CRV,ICE
HOLDEN,GMC YU,GMC YU,ICE
HOLDEN,HOLDEN,HOLDEN,ICE
HOLDEN,HONDA,HONDA,ICE
HOLDEN,SILVEA,SILVEA,ICE
HOLDEN,SILVER,SILVER,ICE
HOLDEN,STATES,STATES,ICE
HOLDEN,VFGSSV,VFGSSV,ICE
HOLDEN,YUKON,YUKON,ICE
HOLDEN,ZRV,ZRV,ICE
HONDA,NAN,NAN,ICE
HONDA,1000M3,1000M3,ICE
HONDA,2025,2025,ICE
HONDA,400258,400258,ICE
HONDA,500NX,500NX,ICE
HONDA,5X5 70,5X5 70,ICE
HONDA,5X5700,5X5700,ICE
HONDA,750 HO,750 HO,ICE
HONDA,ACCORD,ACCORD,ICE
HONDA,ADVENT,ADVENT,ICE
HONDA,AFRICA,AFRICA,ICE
HONDA,C65FAL,C65FAL,ICE
HONDA,CB 125,CB 125,ICE
HONDA,CB1000,CB1000,ICE
HONDA,CB125,CB125,ICE
HONDA,CB125E,CB125E,ICE
HONDA,CB125F,CB125F,ICE
HONDA,CB125L,CB125L,ICE
HONDA,CB300F,CB300F,ICE
HONDA,CB300N,CB300N,ICE
HONDA,CB300R,CB300R,ICE
HONDA,CB350,CB350,ICE
HONDA,CB350F,CB350F,ICE
HONDA,CB45O,CB45O,ICE
HONDA,CB500,CB500,ICE
HONDA,CB500F,CB500F,ICE
HONDA,CB500R,CB500R,ICE
HONDA,CB500X,CB500X,ICE
HONDA,CB650R,CB650R,ICE
HONDA,CB750,CB750,ICE
HONDA,CB750A,CB750A,ICE
HONDA,CB750R,CB750R,ICE
HONDA,CBF,CBF,ICE
HONDA,CBF 12,CBF 12,ICE
HONDA,CBF125,CBF125,ICE
HONDA,CBF300,CBF300,ICE
HONDA,CBR100,CBR100,ICE
HONDA,CBR500,CBR500,ICE
HONDA,CBR50R,CBR50R,ICE
HONDA,CBR5R,CBR5R,ICE
HONDA,CBR600,CBR600,ICE
HONDA,CBR650,CBR650,ICE
HONDA,CER150,CER150,ICE
HONDA,CERATO,CERATO,ICE
HONDA,CERV H,CERV H,ICE
HONDA,CFR300,CFR300,ICE
HONDA,CIVIC,CIVIC,ICE
HONDA,CL500,CL500,ICE
HONDA,CL500A,CL500A,ICE
HONDA,CL500L,CL500L,ICE
HONDA,CMC500,CMC500,ICE
HONDA,CMX 11,CMX 11,ICE
HONDA,CMX 50,CMX 50,ICE
HONDA,CMX110,CMX110,ICE
HONDA,CMX500,CMX500,ICE
HONDA,CR V,CR V,ICE
HONDA,CR-V,CR-V,ICE
HONDA,CRC,CRC,ICE
HONDA,CRF,CRF,ICE
HONDA,CRF 11,CRF 11,ICE
HONDA,CRF 30,CRF 30,ICE
HONDA,CRF 45,CRF 45,ICE
HONDA,CRF RA,CRF RA,ICE
HONDA,CRF110,CRF110,ICE
HONDA,CRF125,CRF125,ICE
HONDA,CRF150,CRF150,ICE
HONDA,CRF230,CRF230,ICE
HONDA,CRF250,CRF250,ICE
HONDA,CRF300,CRF300,ICE
HONDA,CRF450,CRF450,ICE
HONDA,CRF45L,CRF45L,ICE
HONDA,CRF45O,CRF45O,ICE
HONDA,CRF45X,CRF45X,ICE
HONDA,CRV,CRV,ICE
HONDA,CRV BL,CRV BL,ICE
HONDA,CRV EH,CRV EH,ICE
HONDA,CRV H,CRV H,ICE
HONDA,CRV HE,CRV HE,ICE
HONDA,CRV HY,CRV HY,ICE
HONDA,CRV RS,CRV RS,ICE
HONDA,CRV V,CRV V,ICE
HONDA,CRV VI,CRV VI,ICE
HONDA,CRV VT,CRV VT,ICE
HONDA,CRVVTL,CRVVTL,ICE
HONDA,CT10,CT10,ICE
HONDA,CT125,CT125,ICE
HONDA,CV,CV,ICE
HONDA,DIO 11,DIO 11,ICE
HONDA,DIO110,DIO110,ICE
HONDA,DIOS,DIOS,ICE
HONDA,EX5,EX5,ICE
HONDA,FIT,FIT,ICE
HONDA,FORZA,FORZA,ICE
HONDA,FORZA3,FORZA3,ICE
HONDA,GB350,GB350,ICE
HONDA,GB350C,GB350C,ICE
HONDA,GB350R,GB350R,ICE
HONDA,GB400,GB400,ICE
HONDA,GB500,GB500,ICE
HONDA,GL1800,GL1800,ICE
HONDA,GOLDIN,GOLDIN,ICE
HONDA,GOLDWI,GOLDWI,ICE
HONDA,HEV EH,HEV EH,HEV
HONDA,HONDA,HONDA,ICE
HONDA,HONDAZ,HONDAZ,ICE
HONDA,HORNET,HORNET,ICE
HONDA,HR V,HR V,ICE
HONDA,HR VIX,HR VIX,ICE
HONDA,HR-V,HR-V,ICE
HONDA,HRV,HRV,ICE
HONDA,HRV E,HRV E,ICE
HONDA,HRV EH,HRV EH,ICE
HONDA,HRV HE,HRV HE,ICE
HONDA,HRV V,HRV V,ICE
HONDA,HRV VI,HRV VI,ICE
HONDA,HZRV,HZRV,ICE
HONDA,HZV,HZV,ICE
HONDA,IMPREZ,IMPREZ,ICE
HONDA,JK29,JK29,ICE
HONDA,L15ZK5,L15ZK5,ICE
HONDA,MP3,MP3,ICE
HONDA,MW110,MW110,ICE
HONDA,NAKED,NAKED,ICE
HONDA,NAV110,NAV110,ICE
HONDA,NAVI,NAVI,ICE
HONDA,NAVI 1,NAVI 1,ICE
HONDA,NAVI L,NAVI L,ICE
HONDA,NAVI11,NAVI11,ICE
HONDA,NBOX,NBOX,ICE
HONDA,NCS110,NCS110,ICE
HONDA,NSC110,NSC110,ICE
HONDA,NSR250,NSR250,ICE
HONDA,NSS350,NSS350,ICE
HONDA,NT 110,NT 110,ICE
HONDA,NT1100,NT1100,ICE
HONDA,NVA110,NVA110,ICE
HONDA,NX500,NX500,ICE
HONDA,ODYSEY,ODYSEY,ICE
HONDA,ODYSSE,ODYSSE,ICE
HONDA,P700,P700,ICE
HONDA,PCX,PCX,ICE
HONDA,PCX 12,PCX 12,ICE
HONDA,PCX125,PCX125,ICE
HONDA,PCX150,PCX150,ICE
HONDA,PIONEE,PIONEE,ICE
HONDA,PRELUD,PRELUD,ICE
HONDA,PXC125,PXC125,ICE
HONDA,R 1250,R 1250,ICE
HONDA,R1300G,R1300G,ICE
HONDA,S660,S660,ICE
HONDA,SDH125,SDH125,ICE
HONDA,SELTOS,SELTOS,ICE
HONDA,SUPER,SUPER,ICE
HONDA,SWV2,SWV2,ICE
HONDA,SX1000,SX1000,ICE
HONDA,SX5700,SX5700,ICE
HONDA,SXS,SXS,ICE
HONDA,SXS 10,SXS 10,ICE
HONDA,SXS 70,SXS 70,ICE
HONDA,SXS100,SXS100,ICE
HONDA,SXS520,SXS520,ICE
HONDA,SXS700,SXS700,ICE
HONDA,TRANSA,TRANSA,ICE
HONDA,TRX042,TRX042,ICE
HONDA,TRX420,TRX420,ICE
HONDA,TRX500,TRX500,ICE
HONDA,TRX520,TRX520,ICE
HONDA,TYPE R,TYPE R,ICE
HONDA,TYPER,TYPER,ICE
HONDA,VARG,VARG,ICE
HONDA,VL750,VL750,ICE
HONDA,VRV,VRV,ICE
HONDA,WAGON,WAGON,ICE
HONDA,WW125,WW125,ICE
HONDA,WW125P,WW125P,ICE
HONDA,XL 750,XL 750,ICE
HONDA,XL TRA,XL TRA,ICE
HONDA,XL750,XL750,ICE
HONDA,XL750P,XL750P,ICE
HONDA,XL750S,XL750S,ICE
HONDA,XL750V,XL750V,ICE
HONDA,XR125,XR125,ICE
HONDA,XR150L,XR150L,ICE
HONDA,XR190,XR190,ICE
HONDA,XR190C,XR190C,ICE
HONDA,XR200R,XR200R,ICE
HONDA,XR400,XR400,ICE
HONDA,XR750,XR750,ICE
HONDA,ZEV,ZEV,BEV
HONDA,ZR,ZR,ICE
HONDA,ZR V,ZR V,ICE
HONDA,ZR900S,ZR900S,ICE
HONDA,ZRC,ZRC,ICE
HONDA,ZRV,ZRV,ICE
HONDA,ZRV EH,ZRV EH,ICE
HONDA,ZRV HE,ZRV HE,ICE
HONDA,ZRV HY,ZRV HY,ICE
HONDA,ZRV V,ZRV V,ICE
HONDA,ZRV VT,ZRV VT,ICE
HYUNDAI,NAN,NAN,ICE
HYUNDAI,120,120,ICE
HYUNDAI,130,130,ICE
HYUNDAI,130 HE,130 HE,ICE
HYUNDAI,130 N,130 N,ICE
HYUNDAI,2023,2023,ICE
HYUNDAI,2024,2024,ICE
HYUNDAI,2025,2025,ICE
HYUNDAI,24,24,ICE
HYUNDAI,25,25,ICE
HYUNDAI,25LE-7,25LE-7,ICE
HYUNDAI,30,30,ICE
HYUNDAI,ACCENT,ACCENT,ICE
HYUNDAI,BC3 V2,BC3 V2,ICE
HYUNDAI,CE V1,CE V1,ICE
HYUNDAI,CN7 V2,CN7 V2,ICE
HYUNDAI,CN7 V4,CN7 V4,ICE
HYUNDAI,CROSST,CROSST,ICE
HYUNDAI,D115SU,D115SU,ICE
HYUNDAI,D4HBRH,D4HBRH,ICE
HYUNDAI,D90,D90,ICE
HYUNDAI,ELEXI,ELEXI,ICE
HYUNDAI,ELEXIO,ELEXIO,ICE
HYUNDAI,EVERES,EVERES,BEV
HYUNDAI,EX,EX,ICE
HYUNDAI,EX4 MW,EX4 MW,ICE
HYUNDAI,EX6,EX6,ICE
HYUNDAI,EX6MWB,EX6MWB,ICE
HYUNDAI,EX9,EX9,ICE
HYUNDAI,EX9MIG,EX9MIG,ICE
HYUNDAI,EXCITE,EXCITE,ICE
HYUNDAI,FORES,FORES,ICE
HYUNDAI,G6DUPA,G6DUPA,ICE
HYUNDAI,GENESI,GENESI,ICE
HYUNDAI,HL7579,HL7579,ICE
HYUNDAI,HL940,HL940,ICE
HYUNDAI,HL955A,HL955A,ICE
HYUNDAI,HL960,HL960,ICE
HYUNDAI,HL970T,HL970T,ICE
HYUNDAI,HS,HS,ICE
HYUNDAI,HX235L,HX235L,ICE
HYUNDAI,HX350,HX350,ICE
HYUNDAI,HYUNDA,HYUNDA,ICE
HYUNDAI,I20,I20,ICE
HYUNDAI,I20 N,I20 N,ICE
HYUNDAI,I20N,I20N,ICE
HYUNDAI,I30,I30,ICE
HYUNDAI,I30 AC,I30 AC,ICE
HYUNDAI,I30 DR,I30 DR,ICE
HYUNDAI,I30 EL,I30 EL,ICE
HYUNDAI,I30 HA,I30 HA,ICE
HYUNDAI,I30 HE,I30 HE,ICE
HYUNDAI,I30 HY,I30 HY,ICE
HYUNDAI,I30 MH,I30 MH,ICE
HYUNDAI,I30 N,I30 N,ICE
HYUNDAI,I30 NL,I30 NL,ICE
HYUNDAI,I30 PR,I30 PR,ICE
HYUNDAI,I30 SE,I30 SE,ICE
HYUNDAI,I30N,I30N,ICE
HYUNDAI,I30N P,I30N P,ICE
HYUNDAI,I3O,I3O,ICE
HYUNDAI,ILOAD,ILOAD,ICE
HYUNDAI,INOIQ,INOIQ,ICE
HYUNDAI,INSTER,INSTER,ICE
HYUNDAI,IONIC,IONIC,ICE
HYUNDAI,IONIQ,IONIQ,ICE
HYUNDAI,IONIQ5,IONIQ5,BEV
HYUNDAI,IONIQ6,IONIQ6,BEV
HYUNDAI,IONIQ9,IONIQ9,ICE
HYUNDAI,IONOQ,IONOQ,ICE
HYUNDAI,IONQ5,IONQ5,ICE
HYUNDAI,K,K,ICE
HYUNDAI,KNA,KNA,ICE
HYUNDAI,KNOA,KNOA,ICE
HYUNDAI,KOAN H,KOAN H,ICE
HYUNDAI,KOMA,KOMA,ICE
HYUNDAI,KONA,KONA,ICE
HYUNDAI,KONA A,KONA A,ICE
HYUNDAI,KONA C,KONA C,ICE
HYUNDAI,KONA E,KONA E,ICE
HYUNDAI,KONA H,KONA H,ICE
HYUNDAI,KONA K,KONA K,ICE
HYUNDAI,KONA N,KONA N,ICE
HYUNDAI,KONA P,KONA P,ICE
HYUNDAI,KONA S,KONA S,ICE
HYUNDAI,KONAW,KONAW,ICE
HYUNDAI,KONDA,KONDA,ICE
HYUNDAI,KOONA,KOONA,ICE
HYUNDAI,KPNA,KPNA,ICE
HYUNDAI,LX2 V5,LX2 V5,ICE
HYUNDAI,MG5,MG5,ICE
HYUNDAI,MG5 VI,MG5 VI,ICE
HYUNDAI,MIFA,MIFA,ICE
HYUNDAI,MIGHTY,MIGHTY,ICE
HYUNDAI,MX 5 S,MX 5 S,ICE
HYUNDAI,MX5 SA,MX5 SA,ICE
HYUNDAI,MX5 V1,MX5 V1,ICE
HYUNDAI,MX5 V2,MX5 V2,ICE
HYUNDAI,MY23 I,MY23 I,ICE
HYUNDAI,MY23 S,MY23 S,ICE
HYUNDAI,MY23 V,MY23 V,ICE
HYUNDAI,NE V4,NE V4,ICE
HYUNDAI,NX4,NX4,ICE
HYUNDAI,NX4 TU,NX4 TU,ICE
HYUNDAI,NX4 V3,NX4 V3,ICE
HYUNDAI,NX4 V4,NX4 V4,ICE
HYUNDAI,OINIQ,OINIQ,ICE
HYUNDAI,OMODA,OMODA,ICE
HYUNDAI,ONA,ONA,ICE
HYUNDAI,OS KON,OS KON,ICE
HYUNDAI,OUTBAC,OUTBAC,ICE
HYUNDAI,OUTLANDER,OUTLANDER,ICE
HYUNDAI,PALIDA,PALIDA,ICE
HYUNDAI,PALIS,PALIS,ICE
HYUNDAI,PALISA,PALISA,ICE
HYUNDAI,PALLIS,PALLIS,ICE
HYUNDAI,PANTEC,PANTEC,ICE
HYUNDAI,PAVISE,PAVISE,ICE
HYUNDAI,PD I30,PD I30,ICE
HYUNDAI,PDE V6,PDE V6,ICE
HYUNDAI,PDEV6,PDEV6,BEV
HYUNDAI,QASHQA,QASHQA,ICE
HYUNDAI,QT 3,QT 3,ICE
HYUNDAI,QT2,QT2,ICE
HYUNDAI,QT3,QT3,ICE
HYUNDAI,QV250,QV250,ICE
HYUNDAI,QX V5,QX V5,ICE
HYUNDAI,R80CR9,R80CR9,ICE
HYUNDAI,REXTON,REXTON,ICE
HYUNDAI,SANAT,SANAT,ICE
HYUNDAI,SANATA,SANATA,ICE
HYUNDAI,SANET,SANET,ICE
HYUNDAI,SANFE,SANFE,ICE
HYUNDAI,SANTA,SANTA,ICE
HYUNDAI,SANTAF,SANTAF,ICE
HYUNDAI,SANTE,SANTE,ICE
HYUNDAI,SONATA,SONATA,ICE
HYUNDAI,SONTA,SONTA,ICE
HYUNDAI,SPRCAB,SPRCAB,ICE
HYUNDAI,SRULWV,SRULWV,ICE
HYUNDAI,STA FE,STA FE,ICE
HYUNDAI,STAIA,STAIA,ICE
HYUNDAI,STARA,STARA,ICE
HYUNDAI,STARIA,STARIA,ICE
HYUNDAI,STRALI,STRALI,ICE
HYUNDAI,SX2 KO,SX2 KO,ICE
HYUNDAI,SX2 V1,SX2 V1,ICE
HYUNDAI,SX2 V2,SX2 V2,ICE
HYUNDAI,SX2 V3,SX2 V3,ICE
HYUNDAI,SYARIA,SYARIA,ICE
HYUNDAI,T60 LU,T60 LU,ICE
HYUNDAI,TCSON,TCSON,ICE
HYUNDAI,TIGGO,TIGGO,ICE
HYUNDAI,TIGGO4,TIGGO4,ICE
HYUNDAI,TIGUAN,TIGUAN,ICE
HYUNDAI,TRANSI,TRANSI,ICE
HYUNDAI,TUCON,TUCON,ICE
HYUNDAI,TUCOSN,TUCOSN,ICE
HYUNDAI,TUCSCO,TUCSCO,ICE
HYUNDAI,TUCSO,TUCSO,ICE
HYUNDAI,TUCSON,TUCSON,ICE
HYUNDAI,TUCSUN,TUCSUN,ICE
HYUNDAI,TUSCON,TUSCON,ICE
HYUNDAI,TUSON,TUSON,ICE
HYUNDAI,US4 V3,US4 V3,ICE
HYUNDAI,V3 TUC,V3 TUC,ICE
HYUNDAI,VAN,VAN,ICE
HYUNDAI,VEBUE,VEBUE,ICE
HYUNDAI,VENEU,VENEU,ICE
HYUNDAI,VENNUE,VENNUE,ICE
HYUNDAI,VENUE,VENUE,ICE
HYUNDAI,VENUR,VENUR,ICE
HYUNDAI,VNUE A,VNUE A,ICE
HYUNDAI,WAGON,WAGON,ICE
HYUNDAI,WHITE,WHITE,ICE
HYUNDAI,WRX,WRX,ICE
HYUNDAI,XTRAIL,XTRAIL,ICE
HYUNDAI,ZS,ZS,ICE
HYUNDAI,ZST EX,ZST EX,ICE
JAECOO,7,7,ICE
JAECOO,7 SUMM,7 SUMM,ICE
JAECOO,7TRACK,7TRACK,ICE
JAECOO,GREEN,GREEN,ICE
JAECOO,J5,J5,ICE
JAECOO,J5 BEV,J5 BEV,BEV
JAECOO,J5 EV,J5 EV,BEV
JAECOO,J5 RID,J5 RID,ICE
JAECOO,J5 SU,J5 SU,ICE
JAECOO,J5 SUM,J5 SUM,ICE
JAECOO,J54 BE,J54 BE,ICE
JAECOO,J5BEVE,J5BEVE,BEV
JAECOO,J7,J7,ICE
JAECOO,J7 COR,J7 COR,ICE
JAECOO,J7 MY2,J7 MY2,ICE
JAECOO,J7 RID,J7 RID,ICE
JAECOO,J7 SHS,J7 SHS,ICE
JAECOO,J7 SUM,J7 SUM,ICE
JAECOO,J7 TRA,J7 TRA,ICE
JAECOO,J77 MY,J77 MY,ICE
JAECOO,J8,J8,ICE
JAECOO,J8 MY2,J8 MY2,ICE
JAECOO,J8 RID,J8 RID,ICE
JAECOO,J8 TRA,J8 TRA,ICE
JAECOO,JAECOO,JAECOO,ICE
JAECOO,MY25 8,MY25 8,ICE
JAECOO,MY25 J,MY25 J,ICE
JAECOO,MY25 O,MY25 O,ICE
JAECOO,OMODA,OMODA,ICE
JAECOO,T7 SUM,T7 SUM,ICE
JAGUAR,408,408,ICE
JAGUAR,E PACE,E PACE,ICE
JAGUAR,EPACE,EPACE,ICE
JAGUAR,F PACE,F PACE,ICE
JAGUAR,F TYPE,F TYPE,ICE
JAGUAR,F-PACE,F-PACE,ICE
JAGUAR,F-TYPE,F-TYPE,ICE
JAGUAR,FPACE,FPACE,ICE
JAGUAR,FTYPE,FTYPE,ICE
JAGUAR,H6,H6,ICE
JAGUAR,I PACE,I PACE,ICE
JAGUAR,IPACE,IPACE,ICE
JAGUAR,MY24 F,MY24 F,ICE
JAGUAR,P250 R,P250 R,ICE
JAGUAR,XE,XE,ICE
JAGUAR,XE 300,XE 300,ICE
JAGUAR,XE P30,XE P30,ICE
JAGUAR,XE15,XE15,ICE
JAGUAR,XE300,XE300,ICE
JAGUAR,XF,XF,ICE
JEEP,AVENGE,AVENGE,ICE
JEEP,CHEROK,CHEROK,ICE
JEEP,COMPAS,COMPAS,ICE
JEEP,GLADIA,GLADIA,ICE
JEEP,GLADIT,GLADIT,ICE
JEEP,GRAND,GRAND,ICE
JEEP,GRD CH,GRD CH,ICE
JEEP,GRDCHK,GRDCHK,ICE
JEEP,PATRIO,PATRIO,ICE
JEEP,RENEGA,RENEGA,ICE
JEEP,RUBICO,RUBICO,ICE
JEEP,WAGONR,WAGONR,ICE
JEEP,WRAGLE,WRAGLE,ICE
JEEP,WRAN99,WRAN99,ICE
JEEP,WRANG,WRANG,ICE
JEEP,WRANGE,WRANGE,ICE
JEEP,WRANGL,WRANGL,ICE
KGM,ACTYON,ACTYON,ICE
KGM,MUSSO,MUSSO,ICE
KGM,REXTON,REXTON,ICE
KGM,SELTOS,SELTOS,ICE
KGM,SPORTA,SPORTA,ICE
KGM,TORRES,TORRES,ICE
KIA,2025,2025,ICE
KIA,2026,2026,ICE
KIA,ARIYA,ARIYA,ICE
KIA,BD CER,BD CER,ICE
KIA,BDH CE,BDH CE,ICE
KIA,CANRIV,CANRIV,ICE
KIA,CAR,CAR,ICE
KIA,CARBIV,CARBIV,ICE
KIA,CARINV,CARINV,ICE
KIA,CARIVA,CARIVA,ICE
KIA,CARN,CARN,ICE
KIA,CARNI,CARNI,ICE
KIA,CARNIA,CARNIA,ICE
KIA,CARNIV,CARNIV,ICE
KIA,CARNVA,CARNVA,ICE
KIA,CARNVI,CARNVI,ICE
KIA,CARNVL,CARNVL,ICE
KIA,CARVIV,CARVIV,ICE
KIA,CEARTO,CEARTO,ICE
KIA,CERAAT,CERAAT,ICE
KIA,CERARO,CERARO,ICE
KIA,CERAT,CERAT,ICE
KIA,CERAT0,CERAT0,ICE
KIA,CERATO,CERATO,ICE
KIA,CERRAT,CERRAT,ICE
KIA,CERTAO,CERTAO,ICE
KIA,CERTAT,CERTAT,ICE
KIA,CERTO,CERTO,ICE
KIA,CK STI,CK STI,ICE
KIA,CL4M,CL4M,ICE
KIA,CL4M K,CL4M K,ICE
KIA,CRANIV,CRANIV,ICE
KIA,CV EV6,CV EV6,BEV
KIA,CVEV6,CVEV6,BEV
KIA,D4HEPH,D4HEPH,ICE
KIA,DE NIR,DE NIR,ICE
KIA,EV 3,EV 3,BEV
KIA,EV 5,EV 5,BEV
KIA,EV 5 E,EV 5 E,BEV
KIA,EV 6,EV 6,BEV
KIA,EV 9,EV 9,BEV
KIA,EV3,EV3,BEV
KIA,EV3 A,EV3 A,BEV
KIA,EV3 AI,EV3 AI,BEV
KIA,EV3 EA,EV3 EA,BEV
KIA,EV3 GT,EV3 GT,BEV
KIA,EV4,EV4,BEV
KIA,EV4 AI,EV4 AI,BEV
KIA,EV4 CT,EV4 CT,BEV
KIA,EV4 EA,EV4 EA,BEV
KIA,EV4 GT,EV4 GT,BEV
KIA,EV5,EV5,BEV
KIA,EV5 AI,EV5 AI,BEV
KIA,EV5 EA,EV5 EA,BEV
KIA,EV5 GT,EV5 GT,BEV
KIA,EV5 OV,EV5 OV,BEV
KIA,EV6,EV6,BEV
KIA,EV6 AI,EV6 AI,BEV
KIA,EV6 EL,EV6 EL,BEV
KIA,EV6 GT,EV6 GT,BEV
KIA,EV6 RW,EV6 RW,BEV
KIA,EV6GT,EV6GT,BEV
KIA,EV9,EV9,BEV
KIA,EV9 GT,EV9 GT,BEV
KIA,EVA,EVA,BEV
KIA,EVERES,EVERES,BEV
KIA,EX5,EX5,ICE
KIA,G10,G10,ICE
KIA,G4FTSH,G4FTSH,ICE
KIA,G4LASP,G4LASP,ICE
KIA,G4LCPS,G4LCPS,ICE
KIA,GREY,GREY,ICE
KIA,I30,I30,ICE
KIA,JA PIC,JA PIC,ICE
KIA,JOLION,JOLION,ICE
KIA,K4,K4,ICE
KIA,K4 CL4,K4 CL4,ICE
KIA,K4 GT,K4 GT,ICE
KIA,K4 GTL,K4 GTL,ICE
KIA,K4 MY2,K4 MY2,ICE
KIA,K4 S,K4 S,ICE
KIA,K4 SPO,K4 SPO,ICE
KIA,KA,KA,ICE
KIA,KA GT,KA GT,ICE
KIA,KA4,KA4,ICE
KIA,KA4 CA,KA4 CA,ICE
KIA,KA4 PE,KA4 PE,ICE
KIA,MQ4,MQ4,ICE
KIA,MQ4 PE,MQ4 PE,ICE
KIA,MQ4 SO,MQ4 SO,ICE
KIA,MU X,MU X,ICE
KIA,MUSSO,MUSSO,ICE
KIA,MV EV9,MV EV9,BEV
KIA,NERO,NERO,ICE
KIA,NIR0,NIR0,ICE
KIA,NIRO,NIRO,ICE
KIA,NIRO E,NIRO E,ICE
KIA,NIRO G,NIRO G,ICE
KIA,NIRO H,NIRO H,ICE
KIA,NIRO S,NIRO S,ICE
KIA,NQ5,NQ5,ICE
KIA,NQ5 SP,NQ5 SP,ICE
KIA,OMODA,OMODA,ICE
KIA,OVC EV,OVC EV,BEV
KIA,PCIANT,PCIANT,ICE
KIA,PE CAR,PE CAR,ICE
KIA,PE CER,PE CER,ICE
KIA,PE SOR,PE SOR,ICE
KIA,PICAN,PICAN,ICE
KIA,PICANO,PICANO,ICE
KIA,PICANT,PICANT,ICE
KIA,PICATO,PICATO,ICE
KIA,PICNAT,PICNAT,ICE
KIA,PINCAT,PINCAT,ICE
KIA,QASHQA,QASHQA,ICE
KIA,R,R,ICE
KIA,RIO,RIO,ICE
KIA,RIO GT,RIO GT,ICE
KIA,RIO PE,RIO PE,ICE
KIA,RIO S,RIO S,ICE
KIA,RIO SP,RIO SP,ICE
KIA,RIO ST,RIO ST,ICE
KIA,SANTA,SANTA,ICE
KIA,SEALIO,SEALIO,ICE
KIA,SEDAN,SEDAN,ICE
KIA,SELOTS,SELOTS,ICE
KIA,SELT,SELT,ICE
KIA,SELTO,SELTO,ICE
KIA,SELTOC,SELTOC,ICE
KIA,SELTOD,SELTOD,ICE
KIA,SELTOS,SELTOS,ICE
KIA,SELTS,SELTS,ICE
KIA,SERENT,SERENT,ICE
KIA,SETLOS,SETLOS,ICE
KIA,SETOS,SETOS,ICE
KIA,SG2 NI,SG2 NI,ICE
KIA,SL10,SL10,ICE
KIA,SLTOS,SLTOS,ICE
KIA,SO,SO,ICE
KIA,SOENTO,SOENTO,ICE
KIA,SOERNT,SOERNT,ICE
KIA,SONIC,SONIC,ICE
KIA,SORE,SORE,ICE
KIA,SOREN,SOREN,ICE
KIA,SORENO,SORENO,ICE
KIA,SORENT,SORENT,ICE
KIA,SORETN,SORETN,ICE
KIA,SORNET,SORNET,ICE
KIA,SORNTO,SORNTO,ICE
KIA,SORREN,SORREN,ICE
KIA,SORRET,SORRET,ICE
KIA,SORTAG,SORTAG,ICE
KIA,SP,SP,ICE
KIA,SPORTA,SPORTA,ICE
KIA,SP2,SP2,ICE
KIA,SP2 SE,SP2 SE,ICE
KIA,SPARTA,SPARTA,ICE
KIA,SPORAG,SPORAG,ICE
KIA,SPORAT,SPORAT,ICE
KIA,SPORGA,SPORGA,ICE
KIA,SPORT,SPORT,ICE
KIA,SPORTG,SPORTG,ICE
KIA,SPORTR,SPORTR,ICE
KIA,SPORTS,SPORTS,ICE
KIA,SPOTRA,SPOTRA,ICE
KIA,SPPORT,SPPORT,ICE
KIA,SPRENT,SPRENT,ICE
KIA,SPROTA,SPROTA,ICE
KIA,SPTAGE,SPTAGE,ICE
KIA,STINGE,STINGE,ICE
KIA,STINIC,STINIC,ICE
KIA,STOIC,STOIC,ICE
KIA,STONC,STONC,ICE
KIA,STONI,STONI,ICE
KIA,STONIC,STONIC,ICE
KIA,STORTA,STORTA,ICE
KIA,SWIFT,SWIFT,ICE
KIA,TANK 3,TANK 3,ICE
KIA,TASAMA,TASAMA,ICE
KIA,TASMAN,TASMAN,ICE
KIA,TIGGO,TIGGO,ICE
KIA,TK,TK,ICE
KIA,TK TAS,TK TAS,ICE
KIA,TUCSON,TUCSON,ICE
KIA,VENUE,VENUE,ICE
KIA,WAGON,WAGON,ICE
KIA,X TRAI,X TRAI,ICE
KIA,XTRAIL,XTRAIL,ICE
KIA,YB RIO,YB RIO,ICE
KIA,YB STO,YB STO,ICE
KIA,YBW ST,YBW ST,ICE
LEXUS,1ZA8MV,1ZA8MV,ICE
LEXUS,ENX250,ENX250,ICE
LEXUS,ES,ES,ICE
LEXUS,ES 500,ES 500,ICE
LEXUS,ES250,ES250,ICE
LEXUS,ES300,ES300,ICE
LEXUS,ES300H,ES300H,ICE
LEXUS,ES300S,ES300S,ICE
LEXUS,EX350H,EX350H,ICE
LEXUS,G10,G10,ICE
LEXUS,GX,GX,ICE
LEXUS,GX50,GX50,ICE
LEXUS,GX550,GX550,ICE
LEXUS,L5500H,L5500H,ICE
LEXUS,LBX,LBX,ICE
LEXUS,LBX 2W,LBX 2W,ICE
LEXUS,LBX LU,LBX LU,ICE
LEXUS,LBX MO,LBX MO,ICE
LEXUS,LBX SP,LBX SP,ICE
LEXUS,LC500,LC500,ICE
LEXUS,LC500C,LC500C,ICE
LEXUS,LC500H,LC500H,ICE
LEXUS,LEXUS,LEXUS,ICE
LEXUS,LM350H,LM350H,ICE
LEXUS,LM500H,LM500H,ICE
LEXUS,LS500,LS500,ICE
LEXUS,LS500H,LS500H,ICE
LEXUS,LX,LX,ICE
LEXUS,LX350H,LX350H,ICE
LEXUS,LX500D,LX500D,ICE
LEXUS,LX50D,LX50D,ICE
LEXUS,LX550D,LX550D,ICE
LEXUS,LX600,LX600,ICE
LEXUS,LX700H,LX700H,ICE
LEXUS,M15AZ0,M15AZ0,ICE
LEXUS,MORIZO,MORIZO,ICE
LEXUS,NH450H,NH450H,ICE
LEXUS,NX,NX,ICE
LEXUS,NX 350,NX 350,ICE
LEXUS,NX250,NX250,ICE
LEXUS,NX350,NX350,ICE
LEXUS,NX350H,NX350H,ICE
LEXUS,NX450,NX450,ICE
LEXUS,NX450H,NX450H,ICE
LEXUS,NZ450H,NZ450H,ICE
LEXUS,RC550H,RC550H,ICE
LEXUS,RX,RX,ICE
LEXUS,RX AL3,RX AL3,ICE
LEXUS,RX350,RX350,ICE
LEXUS,RX350F,RX350F,ICE
LEXUS,RX350H,RX350H,ICE
LEXUS,RX450E,RX450E,ICE
LEXUS,RX450H,RX450H,ICE
LEXUS,RX500H,RX500H,ICE
LEXUS,RXH,RXH,ICE
LEXUS,RZ,RZ,ICE
LEXUS,RZ450E,RZ450E,ICE
LEXUS,RZ500,RZ500,ICE
LEXUS,RZ500E,RZ500E,ICE
LEXUS,RZ550E,RZ550E,ICE
LEXUS,UX,UX,ICE
LEXUS,UX200,UX200,ICE
LEXUS,UX250H,UX250H,ICE
LEXUS,UX300E,UX300E,ICE
LEXUS,UX300H,UX300H,ICE
LEXUS,UX50H,UX50H,ICE
LOTUS,ELETRE,ELETRE,ICE
LOTUS,EMEYA,EMEYA,ICE
LOTUS,EMIRA,EMIRA,ICE
MAHINDRA,NAN,NAN,ICE
MAHINDRA,3650,3650,ICE
MAHINDRA,3XO,3XO,ICE
MAHINDRA,3XO XU,3XO XU,ICE
MAHINDRA,3XOAX7,3XOAX7,ICE
MAHINDRA,4025,4025,ICE
MAHINDRA,5 SERI,5 SERI,ICE
MAHINDRA,7580,7580,ICE
MAHINDRA,AX7L,AX7L,ICE
MAHINDRA,PICK,PICK,ICE
MAHINDRA,PIK UP,PIK UP,ICE
MAHINDRA,PIKIP,PIKIP,ICE
MAHINDRA,PIKUP,PIKUP,ICE
MAHINDRA,S11,S11,ICE
MAHINDRA,S11 PI,S11 PI,ICE
MAHINDRA,S6,S6,ICE
MAHINDRA,S6 PIK,S6 PIK,ICE
MAHINDRA,SCOPIO,SCOPIO,ICE
MAHINDRA,SCOPRI,SCOPRI,ICE
MAHINDRA,SCORP,SCORP,ICE
MAHINDRA,SCORPI,SCORPI,ICE
MAHINDRA,SCORPO,SCORPO,ICE
MAHINDRA,WF XUV,WF XUV,ICE
MAHINDRA,X,X,ICE
MAHINDRA,XRV700,XRV700,ICE
MAHINDRA,XU700,XU700,ICE
MAHINDRA,XUV,XUV,ICE
MAHINDRA,XUV 3X,XUV 3X,ICE
MAHINDRA,XUV 70,XUV 70,ICE
MAHINDRA,XUV 7O,XUV 7O,ICE
MAHINDRA,XUV3X0,XUV3X0,ICE
MAHINDRA,XUV3XO,XUV3XO,ICE
MAHINDRA,XUV700,XUV700,ICE
MAHINDRA,XUV7OO,XUV7OO,ICE
MAHINDRA,XVV700,XVV700,ICE
MAHINDRA,ZUV700,ZUV700,ICE
MAZDA,2,2,ICE
MAZDA,2 G15,2 G15,ICE
MAZDA,2 HATC,2 HATC,ICE
MAZDA,2 HB G,2 HB G,ICE
MAZDA,2 PURE,2 PURE,ICE
MAZDA,2 S G1,2 S G1,ICE
MAZDA,200,200,ICE
MAZDA,200RAS,200RAS,ICE
MAZDA,2024,2024,ICE
MAZDA,2025,2025,ICE
MAZDA,3,3,ICE
MAZDA,3 ASTI,3 ASTI,ICE
MAZDA,3 EVOL,3 EVOL,BEV
MAZDA,3 G20,3 G20,ICE
MAZDA,3 G25,3 G25,ICE
MAZDA,3 HATC,3 HATC,ICE
MAZDA,3 Q G2,3 Q G2,ICE
MAZDA,3 Q6 G,3 Q6 G,ICE
MAZDA,300,300,ICE
MAZDA,300PAH,300PAH,ICE
MAZDA,323P01,323P01,ICE
MAZDA,3B09,3B09,ICE
MAZDA,4JJ3EL,4JJ3EL,ICE
MAZDA,5,5,ICE
MAZDA,6,6,ICE
MAZDA,6 ANNI,6 ANNI,ICE
MAZDA,6 G25,6 G25,ICE
MAZDA,6 GT S,6 GT S,ICE
MAZDA,6 GTSP,6 GTSP,ICE
MAZDA,6 TOUR,6 TOUR,ICE
MAZDA,600TAS,600TAS,ICE
MAZDA,B30,B30,ICE
MAZDA,B50,B50,ICE
MAZDA,BR50,BR50,ICE
MAZDA,BT 50,BT 50,ICE
MAZDA,BT-50,BT-50,ICE
MAZDA,BT-50D,BT-50D,ICE
MAZDA,BT050,BT050,ICE
MAZDA,BT50,BT50,ICE
MAZDA,BT50 D,BT50 D,ICE
MAZDA,BT50 F,BT50 F,ICE
MAZDA,BT50 G,BT50 G,ICE
MAZDA,BT50 H,BT50 H,ICE
MAZDA,BT50 P,BT50 P,ICE
MAZDA,BT50 S,BT50 S,ICE
MAZDA,BT50 T,BT50 T,ICE
MAZDA,BT50 X,BT50 X,ICE
MAZDA,BT50D,BT50D,ICE
MAZDA,BT590,BT590,ICE
MAZDA,BT5O,BT5O,ICE
MAZDA,BT5O X,BT5O X,ICE
MAZDA,BT80,BT80,ICE
MAZDA,C3,C3,ICE
MAZDA,C30,C30,ICE
MAZDA,C30F,C30F,ICE
MAZDA,C5,C5,ICE
MAZDA,C60,C60,ICE
MAZDA,C90,C90,ICE
MAZDA,CCX30,CCX30,ICE
MAZDA,CCX9,CCX9,ICE
MAZDA,CX 3,CX 3,ICE
MAZDA,CX 3 A,CX 3 A,ICE
MAZDA,CX 3 E,CX 3 E,ICE
MAZDA,CX 3 G,CX 3 G,ICE
MAZDA,CX 3 M,CX 3 M,ICE
MAZDA,CX 3 S,CX 3 S,ICE
MAZDA,CX 3 T,CX 3 T,ICE
MAZDA,CX 30,CX 30,ICE
MAZDA,CX-5,CX-5,ICE
MAZDA,CX 5 A,CX 5 A,ICE
MAZDA,CX 5 D,CX 5 D,ICE
MAZDA,CX 5 G,CX 5 G,ICE
MAZDA,CX 5 M,CX 5 M,ICE
MAZDA,CX 5 N,CX 5 N,ICE
MAZDA,CX 60,CX 60,ICE
MAZDA,CX 70,CX 70,ICE
MAZDA,CX 8,CX 8,ICE
MAZDA,CX 8 G,CX 8 G,ICE
MAZDA,CX 8 S,CX 8 S,ICE
MAZDA,CX 8 T,CX 8 T,ICE
MAZDA,CX 80,CX 80,ICE
MAZDA,CX 9,CX 9,ICE
MAZDA,CX 9 T,CX 9 T,ICE
MAZDA,CX 90,CX 90,ICE
MAZDA,CX-3,CX-3,ICE
MAZDA,CX-30,CX-30,ICE
MAZDA,CX-60,CX-60,ICE
MAZDA,CX-60A,CX-60A,ICE
MAZDA,CX-8,CX-8,ICE
MAZDA,CX-80,CX-80,ICE
MAZDA,CX3,CX3,ICE
MAZDA,CX3 20,CX3 20,ICE
MAZDA,CX3 AK,CX3 AK,ICE
MAZDA,CX3 EV,CX3 EV,BEV
MAZDA,CX3 G2,CX3 G2,ICE
MAZDA,CX3 GT,CX3 GT,ICE
MAZDA,CX3 MA,CX3 MA,ICE
MAZDA,CX3 PU,CX3 PU,ICE
MAZDA,CX3 S,CX3 S,ICE
MAZDA,CX3 SP,CX3 SP,ICE
MAZDA,CX3 ST,CX3 ST,ICE
MAZDA,CX3 TO,CX3 TO,ICE
MAZDA,CX30,CX30,ICE
MAZDA,CX30 A,CX30 A,ICE
MAZDA,CX30 D,CX30 D,ICE
MAZDA,CX30 E,CX30 E,ICE
MAZDA,CX30 G,CX30 G,ICE
MAZDA,CX30 P,CX30 P,ICE
MAZDA,CX30 T,CX30 T,ICE
MAZDA,CX30 V,CX30 V,ICE
MAZDA,CX30 X,CX30 X,ICE
MAZDA,CX3W,CX3W,ICE
MAZDA,CX5 AK,CX5 AK,ICE
MAZDA,CX5 G,CX5 G,ICE
MAZDA,CX5 G2,CX5 G2,ICE
MAZDA,CX5 G3,CX5 G3,ICE
MAZDA,CX5 GT,CX5 GT,ICE
MAZDA,CX5 MA,CX5 MA,ICE
MAZDA,CX5 N,CX5 N,ICE
MAZDA,CX5 SP,CX5 SP,ICE
MAZDA,CX5 TO,CX5 TO,ICE
MAZDA,CX5 TU,CX5 TU,ICE
MAZDA,CX5B,CX5B,ICE
MAZDA,CX5G20,CX5G20,ICE
MAZDA,CX5G35,CX5G35,ICE
MAZDA,CX60,CX60,ICE
MAZDA,CX60 8,CX60 8,ICE
MAZDA,CX60 A,CX60 A,ICE
MAZDA,CX60 D,CX60 D,ICE
MAZDA,CX60 E,CX60 E,ICE
MAZDA,CX60 G,CX60 G,ICE
MAZDA,CX60 H,CX60 H,ICE
MAZDA,CX60 P,CX60 P,ICE
MAZDA,CX60 T,CX60 T,ICE
MAZDA,CX60 V,CX60 V,ICE
MAZDA,CX6060,CX6060,ICE
MAZDA,CX70,CX70,ICE
MAZDA,CX70 A,CX70 A,ICE
MAZDA,CX8,CX8,ICE
MAZDA,CX8 AS,CX8 AS,ICE
MAZDA,CX8 D3,CX8 D3,ICE
MAZDA,CX8 G2,CX8 G2,ICE
MAZDA,CX8 GT,CX8 GT,ICE
MAZDA,CX8 SP,CX8 SP,ICE
MAZDA,CX8 TO,CX8 TO,ICE
MAZDA,CX80,CX80,ICE
MAZDA,CX80 A,CX80 A,ICE
MAZDA,CX80 D,CX80 D,ICE
MAZDA,CX80 G,CX80 G,ICE
MAZDA,CX80 P,CX80 P,ICE
MAZDA,CX80 T,CX80 T,ICE
MAZDA,CX9,CX9,ICE
MAZDA,CX9 AZ,CX9 AZ,ICE
MAZDA,CX9 GT,CX9 GT,ICE
MAZDA,CX9 SP,CX9 SP,ICE
MAZDA,CX9 TO,CX9 TO,ICE
MAZDA,CX90,CX90,ICE
MAZDA,CX90 A,CX90 A,ICE
MAZDA,CX90 B,CX90 B,ICE
MAZDA,CX90 D,CX90 D,ICE
MAZDA,CX90 G,CX90 G,ICE
MAZDA,CX90 H,CX90 H,ICE
MAZDA,CXX3,CXX3,ICE
MAZDA,CXX5,CXX5,ICE
MAZDA,CXX9,CXX9,ICE
MAZDA,EV60,EV60,BEV
MAZDA,GREY,GREY,ICE
MAZDA,H6 ULT,H6 ULT,ICE
MAZDA,JOLION,JOLION,ICE
MAZDA,LOVELL,LOVELL,ICE
MAZDA,M2,M2,ICE
MAZDA,M3,M3,ICE
MAZDA,M3 G25,M3 G25,ICE
MAZDA,M3 TOU,M3 TOU,ICE
MAZDA,M6,M6,ICE
MAZDA,MA,MA,ICE
MAZDA,MAZD3,MAZD3,ICE
MAZDA,MAZDA,MAZDA,ICE
MAZDA,MAZDA2,MAZDA2,ICE
MAZDA,MAZDA3,MAZDA3,ICE
MAZDA,MAZDA6,MAZDA6,ICE
MAZDA,MAZDZA,MAZDZA,ICE
MAZDA,MX 30,MX 30,ICE
MAZDA,MX 5,MX 5,ICE
MAZDA,MX 5 R,MX 5 R,ICE
MAZDA,MX 5 X,MX 5 X,ICE
MAZDA,MX30,MX30,ICE
MAZDA,MX30 E,MX30 E,ICE
MAZDA,MX30 G,MX30 G,ICE
MAZDA,MX5,MX5,ICE
MAZDA,MX5 G2,MX5 G2,ICE
MAZDA,NT50,NT50,ICE
MAZDA,P52104,P52104,ICE
MAZDA,PE5038,PE5038,ICE
MAZDA,PE5041,PE5041,ICE
MAZDA,PEDDER,PEDDER,ICE
MAZDA,PY 223,PY 223,ICE
MAZDA,PY1116,PY1116,ICE
MAZDA,PY2214,PY2214,ICE
MAZDA,PY2255,PY2255,ICE
MAZDA,PY3157,PY3157,ICE
MAZDA,PY3163,PY3163,ICE
MAZDA,RED,RED,ICE
MAZDA,TOURIN,TOURIN,ICE
MAZDA,TUCSON,TUCSON,ICE
MAZDA,X5 G35,X5 G35,ICE
MAZDA,XT,XT,ICE
MAZDA,ZS EV,ZS EV,BEV
MERCEDES-BENZ,NAN,NAN,ICE
MERCEDES-BENZ,0500LE,0500LE,ICE
MERCEDES-BENZ,0500R,0500R,ICE
MERCEDES-BENZ,0500RF,0500RF,ICE
MERCEDES-BENZ,0500RS,0500RS,ICE
MERCEDES-BENZ,112 EV,112 EV,BEV
MERCEDES-BENZ,114 VI,114 VI,ICE
MERCEDES-BENZ,116 VI,116 VI,ICE
MERCEDES-BENZ,119 VI,119 VI,ICE
MERCEDES-BENZ,2025,2025,ICE
MERCEDES-BENZ,21106,21106,ICE
MERCEDES-BENZ,254,254,ICE
MERCEDES-BENZ,2658 A,2658 A,ICE
MERCEDES-BENZ,2663,2663,ICE
MERCEDES-BENZ,3 PRO,3 PRO,ICE
MERCEDES-BENZ,311 SP,311 SP,ICE
MERCEDES-BENZ,315 CD,315 CD,ICE
MERCEDES-BENZ,315 SP,315 SP,ICE
MERCEDES-BENZ,316,316,ICE
MERCEDES-BENZ,317,317,ICE
MERCEDES-BENZ,317 SP,317 SP,ICE
MERCEDES-BENZ,319 SP,319 SP,ICE
MERCEDES-BENZ,380S83,380S83,ICE
MERCEDES-BENZ,415 SP,415 SP,ICE
MERCEDES-BENZ,417 CD,417 CD,ICE
MERCEDES-BENZ,417 SP,417 SP,ICE
MERCEDES-BENZ,419 MW,419 MW,ICE
MERCEDES-BENZ,419 SP,419 SP,ICE
MERCEDES-BENZ,420E S,420E S,ICE
MERCEDES-BENZ,447,447,ICE
MERCEDES-BENZ,517 SP,517 SP,ICE
MERCEDES-BENZ,519 SP,519 SP,ICE
MERCEDES-BENZ,907,907,ICE
MERCEDES-BENZ,907 SP,907 SP,ICE
MERCEDES-BENZ,910 SP,910 SP,ICE
MERCEDES-BENZ,96X,96X,ICE
MERCEDES-BENZ,96X 3,96X 3,ICE
MERCEDES-BENZ,A 180,A 180,ICE
MERCEDES-BENZ,A 200,A 200,ICE
MERCEDES-BENZ,A 250,A 250,ICE
MERCEDES-BENZ,A 35,A 35,ICE
MERCEDES-BENZ,A 35 A,A 35 A,ICE
MERCEDES-BENZ,A 35 S,A 35 S,ICE
MERCEDES-BENZ,A 45,A 45,ICE
MERCEDES-BENZ,A 45 S,A 45 S,ICE
MERCEDES-BENZ,A CLAS,A CLAS,ICE
MERCEDES-BENZ,A180,A180,ICE
MERCEDES-BENZ,A200,A200,ICE
MERCEDES-BENZ,A200 S,A200 S,ICE
MERCEDES-BENZ,A250,A250,ICE
MERCEDES-BENZ,A250 4,A250 4,ICE
MERCEDES-BENZ,A250 S,A250 S,ICE
MERCEDES-BENZ,A250E,A250E,ICE
MERCEDES-BENZ,A35,A35,ICE
MERCEDES-BENZ,A35 AM,A35 AM,ICE
MERCEDES-BENZ,A35 ED,A35 ED,ICE
MERCEDES-BENZ,A35 SE,A35 SE,ICE
MERCEDES-BENZ,A45,A45,ICE
MERCEDES-BENZ,A45 AM,A45 AM,ICE
MERCEDES-BENZ,A45 ED,A45 ED,ICE
MERCEDES-BENZ,A45 S,A45 S,ICE
MERCEDES-BENZ,A45S,A45S,ICE
MERCEDES-BENZ,A45S A,A45S A,ICE
MERCEDES-BENZ,ACROSS,ACROSS,ICE
MERCEDES-BENZ,ACTOS,ACTOS,ICE
MERCEDES-BENZ,ACTR,ACTR,ICE
MERCEDES-BENZ,ACTROS,ACTROS,ICE
MERCEDES-BENZ,ALL TE,ALL TE,ICE
MERCEDES-BENZ,AMG A,AMG A,ICE
MERCEDES-BENZ,AMG C,AMG C,ICE
MERCEDES-BENZ,AMG CL,AMG CL,ICE
MERCEDES-BENZ,AMG E,AMG E,ICE
MERCEDES-BENZ,AMG G,AMG G,ICE
MERCEDES-BENZ,AMG GL,AMG GL,ICE
MERCEDES-BENZ,AMG GT,AMG GT,ICE
MERCEDES-BENZ,AMG SL,AMG SL,ICE
MERCEDES-BENZ,AMGA35,AMGA35,ICE
MERCEDES-BENZ,AROCS,AROCS,ICE
MERCEDES-BENZ,ATEGO,ATEGO,ICE
MERCEDES-BENZ,B 180,B 180,ICE
MERCEDES-BENZ,B180,B180,ICE
MERCEDES-BENZ,C 200,C 200,ICE
MERCEDES-BENZ,C 300,C 300,ICE
MERCEDES-BENZ,C 350,C 350,ICE
MERCEDES-BENZ,C 43,C 43,ICE
MERCEDES-BENZ,C 43 A,C 43 A,ICE
MERCEDES-BENZ,C 63,C 63,ICE
MERCEDES-BENZ,C 63 E,C 63 E,ICE
MERCEDES-BENZ,C 63 S,C 63 S,ICE
MERCEDES-BENZ,C CLAS,C CLAS,ICE
MERCEDES-BENZ,C200,C200,ICE
MERCEDES-BENZ,C200 N,C200 N,ICE
MERCEDES-BENZ,C200 S,C200 S,ICE
MERCEDES-BENZ,C300,C300,ICE
MERCEDES-BENZ,C300CA,C300CA,ICE
MERCEDES-BENZ,C350,C350,ICE
MERCEDES-BENZ,C350E,C350E,ICE
MERCEDES-BENZ,C350H,C350H,ICE
MERCEDES-BENZ,C43,C43,ICE
MERCEDES-BENZ,C43 AM,C43 AM,ICE
MERCEDES-BENZ,C63,C63,ICE
MERCEDES-BENZ,C63 AM,C63 AM,ICE
MERCEDES-BENZ,C63 E,C63 E,ICE
MERCEDES-BENZ,C63 S,C63 S,ICE
MERCEDES-BENZ,C63 SE,C63 SE,ICE
MERCEDES-BENZ,C635 A,C635 A,ICE
MERCEDES-BENZ,C63AMG,C63AMG,ICE
MERCEDES-BENZ,C63CPE,C63CPE,ICE
MERCEDES-BENZ,C63E,C63E,ICE
MERCEDES-BENZ,C63S,C63S,ICE
MERCEDES-BENZ,C63S A,C63S A,ICE
MERCEDES-BENZ,C63SE,C63SE,ICE
MERCEDES-BENZ,C63T A,C63T A,ICE
MERCEDES-BENZ,CAB CH,CAB CH,ICE
MERCEDES-BENZ,CAL200,CAL200,ICE
MERCEDES-BENZ,CASCAD,CASCAD,ICE
MERCEDES-BENZ,CLA 20,CLA 20,ICE
MERCEDES-BENZ,CLA 25,CLA 25,ICE
MERCEDES-BENZ,CLA 35,CLA 35,ICE
MERCEDES-BENZ,CLA 45,CLA 45,ICE
MERCEDES-BENZ,CLA CL,CLA CL,ICE
MERCEDES-BENZ,CLA200,CLA200,ICE
MERCEDES-BENZ,CLA250,CLA250,ICE
MERCEDES-BENZ,CLA34,CLA34,ICE
MERCEDES-BENZ,CLA35,CLA35,ICE
MERCEDES-BENZ,CLA45,CLA45,ICE
MERCEDES-BENZ,CLA45S,CLA45S,ICE
MERCEDES-BENZ,CLB783,CLB783,ICE
MERCEDES-BENZ,CLE 20,CLE 20,ICE
MERCEDES-BENZ,CLE 30,CLE 30,ICE
MERCEDES-BENZ,CLE 53,CLE 53,ICE
MERCEDES-BENZ,CLE200,CLE200,ICE
MERCEDES-BENZ,CLE300,CLE300,ICE
MERCEDES-BENZ,CLE53,CLE53,ICE
MERCEDES-BENZ,CLLA20,CLLA20,ICE
MERCEDES-BENZ,CLS 53,CLS 53,ICE
MERCEDES-BENZ,CLS53,CLS53,ICE
MERCEDES-BENZ,CONQUE,CONQUE,ICE
MERCEDES-BENZ,DESTIN,DESTIN,ICE
MERCEDES-BENZ,DZQ869,DZQ869,ICE
MERCEDES-BENZ,E 200,E 200,ICE
MERCEDES-BENZ,E 300,E 300,ICE
MERCEDES-BENZ,E 350,E 350,ICE
MERCEDES-BENZ,E 53,E 53,ICE
MERCEDES-BENZ,E 63,E 63,ICE
MERCEDES-BENZ,E 63 S,E 63 S,ICE
MERCEDES-BENZ,E ACTR,E ACTR,ICE
MERCEDES-BENZ,E CLAS,E CLAS,ICE
MERCEDES-BENZ,E VITO,E VITO,ICE
MERCEDES-BENZ,E200,E200,ICE
MERCEDES-BENZ,E300,E300,ICE
MERCEDES-BENZ,E300CP,E300CP,ICE
MERCEDES-BENZ,E350,E350,ICE
MERCEDES-BENZ,E350CO,E350CO,ICE
MERCEDES-BENZ,E53,E53,ICE
MERCEDES-BENZ,E53 AM,E53 AM,ICE
MERCEDES-BENZ,E53 HY,E53 HY,ICE
MERCEDES-BENZ,E63,E63,ICE
MERCEDES-BENZ,E63 S,E63 S,ICE
MERCEDES-BENZ,E63S A,E63S A,ICE
MERCEDES-BENZ,EACTRO,EACTRO,ICE
MERCEDES-BENZ,ECLIPS,ECLIPS,ICE
MERCEDES-BENZ,ECONIC,ECONIC,ICE
MERCEDES-BENZ,EQA 25,EQA 25,ICE
MERCEDES-BENZ,EQA 35,EQA 35,ICE
MERCEDES-BENZ,EQA250,EQA250,ICE
MERCEDES-BENZ,EQA350,EQA350,ICE
MERCEDES-BENZ,EQB 25,EQB 25,ICE
MERCEDES-BENZ,EQB 35,EQB 35,ICE
MERCEDES-BENZ,EQB250,EQB250,ICE
MERCEDES-BENZ,EQB350,EQB350,ICE
MERCEDES-BENZ,EQC 40,EQC 40,ICE
MERCEDES-BENZ,EQC400,EQC400,ICE
MERCEDES-BENZ,EQE 30,EQE 30,ICE
MERCEDES-BENZ,EQE 35,EQE 35,ICE
MERCEDES-BENZ,EQE 50,EQE 50,ICE
MERCEDES-BENZ,EQE 53,EQE 53,ICE
MERCEDES-BENZ,EQE-53,EQE-53,ICE
MERCEDES-BENZ,EQE250,EQE250,ICE
MERCEDES-BENZ,EQE30,EQE30,ICE
MERCEDES-BENZ,EQE300,EQE300,ICE
MERCEDES-BENZ,EQE350,EQE350,ICE
MERCEDES-BENZ,EQE500,EQE500,ICE
MERCEDES-BENZ,EQE53,EQE53,ICE
MERCEDES-BENZ,EQS 45,EQS 45,ICE
MERCEDES-BENZ,EQS450,EQS450,ICE
MERCEDES-BENZ,EQS53,EQS53,ICE
MERCEDES-BENZ,EQS680,EQS680,ICE
MERCEDES-BENZ,EQV300,EQV300,ICE
MERCEDES-BENZ,ESPRIN,ESPRIN,ICE
MERCEDES-BENZ,EVITO,EVITO,BEV
MERCEDES-BENZ,G 450D,G 450D,ICE
MERCEDES-BENZ,G 580,G 580,ICE
MERCEDES-BENZ,G 63,G 63,ICE
MERCEDES-BENZ,G 63 A,G 63 A,ICE
MERCEDES-BENZ,G CLAS,G CLAS,ICE
MERCEDES-BENZ,G GLAS,G GLAS,ICE
MERCEDES-BENZ,G WAGO,G WAGO,ICE
MERCEDES-BENZ,G450,G450,ICE
MERCEDES-BENZ,G450D,G450D,ICE
MERCEDES-BENZ,G580,G580,ICE
MERCEDES-BENZ,G580E,G580E,ICE
MERCEDES-BENZ,G63,G63,ICE
MERCEDES-BENZ,G63 AM,G63 AM,ICE
MERCEDES-BENZ,G63AMG,G63AMG,ICE
MERCEDES-BENZ,G63M A,G63M A,ICE
MERCEDES-BENZ,GCLASS,GCLASS,ICE
MERCEDES-BENZ,GLA,GLA,ICE
MERCEDES-BENZ,GLA 20,GLA 20,ICE
MERCEDES-BENZ,GLA 25,GLA 25,ICE
MERCEDES-BENZ,GLA 35,GLA 35,ICE
MERCEDES-BENZ,GLA 45,GLA 45,ICE
MERCEDES-BENZ,GLA CA,GLA CA,ICE
MERCEDES-BENZ,GLA200,GLA200,ICE
MERCEDES-BENZ,GLA250,GLA250,ICE
MERCEDES-BENZ,GLA35,GLA35,ICE
MERCEDES-BENZ,GLA45,GLA45,ICE
MERCEDES-BENZ,GLA450,GLA450,ICE
MERCEDES-BENZ,GLA45S,GLA45S,ICE
MERCEDES-BENZ,GLB,GLB,ICE
MERCEDES-BENZ,GLB 20,GLB 20,ICE
MERCEDES-BENZ,GLB 25,GLB 25,ICE
MERCEDES-BENZ,GLB 30,GLB 30,ICE
MERCEDES-BENZ,GLB 35,GLB 35,ICE
MERCEDES-BENZ,GLB200,GLB200,ICE
MERCEDES-BENZ,GLB205,GLB205,ICE
MERCEDES-BENZ,GLB250,GLB250,ICE
MERCEDES-BENZ,GLB335,GLB335,ICE
MERCEDES-BENZ,GLB35,GLB35,ICE
MERCEDES-BENZ,GLC,GLC,ICE
MERCEDES-BENZ,GLC 20,GLC 20,ICE
MERCEDES-BENZ,GLC 3,GLC 3,ICE
MERCEDES-BENZ,GLC 30,GLC 30,ICE
MERCEDES-BENZ,GLC 35,GLC 35,ICE
MERCEDES-BENZ,GLC 43,GLC 43,ICE
MERCEDES-BENZ,GLC 63,GLC 63,ICE
MERCEDES-BENZ,GLC CA,GLC CA,ICE
MERCEDES-BENZ,GLC200,GLC200,ICE
MERCEDES-BENZ,GLC300,GLC300,ICE
MERCEDES-BENZ,GLC34,GLC34,ICE
MERCEDES-BENZ,GLC350,GLC350,ICE
MERCEDES-BENZ,GLC43,GLC43,ICE
MERCEDES-BENZ,GLC43A,GLC43A,ICE
MERCEDES-BENZ,GLC43C,GLC43C,ICE
MERCEDES-BENZ,GLC63,GLC63,ICE
MERCEDES-BENZ,GLC63E,GLC63E,ICE
MERCEDES-BENZ,GLC63S,GLC63S,ICE
MERCEDES-BENZ,GLCE35,GLCE35,ICE
MERCEDES-BENZ,GLD450,GLD450,ICE
MERCEDES-BENZ,GLE 30,GLE 30,ICE
MERCEDES-BENZ,GLE 4,GLE 4,ICE
MERCEDES-BENZ,GLE 40,GLE 40,ICE
MERCEDES-BENZ,GLE 45,GLE 45,ICE
MERCEDES-BENZ,GLE 53,GLE 53,ICE
MERCEDES-BENZ,GLE 63,GLE 63,ICE
MERCEDES-BENZ,GLE300,GLE300,ICE
MERCEDES-BENZ,GLE400,GLE400,ICE
MERCEDES-BENZ,GLE420,GLE420,ICE
MERCEDES-BENZ,GLE450,GLE450,ICE
MERCEDES-BENZ,GLE53,GLE53,ICE
MERCEDES-BENZ,GLE53C,GLE53C,ICE
MERCEDES-BENZ,GLE63,GLE63,ICE
MERCEDES-BENZ,GLE63S,GLE63S,ICE
MERCEDES-BENZ,GLLE45,GLLE45,ICE
MERCEDES-BENZ,GLS,GLS,ICE
MERCEDES-BENZ,GLS 40,GLS 40,ICE
MERCEDES-BENZ,GLS 45,GLS 45,ICE
MERCEDES-BENZ,GLS 60,GLS 60,ICE
MERCEDES-BENZ,GLS 63,GLS 63,ICE
MERCEDES-BENZ,GLS400,GLS400,ICE
MERCEDES-BENZ,GLS450,GLS450,ICE
MERCEDES-BENZ,GLS600,GLS600,ICE
MERCEDES-BENZ,GLS63,GLS63,ICE
MERCEDES-BENZ,GLW300,GLW300,ICE
MERCEDES-BENZ,GT,GT,ICE
MERCEDES-BENZ,GT 63,GT 63,ICE
MERCEDES-BENZ,GT AMG,GT AMG,ICE
MERCEDES-BENZ,GT43,GT43,ICE
MERCEDES-BENZ,GT63,GT63,ICE
MERCEDES-BENZ,GT63 A,GT63 A,ICE
MERCEDES-BENZ,GT63 P,GT63 P,ICE
MERCEDES-BENZ,GT63 S,GT63 S,ICE
MERCEDES-BENZ,GT63S,GT63S,ICE
MERCEDES-BENZ,GT63SE,GT63SE,ICE
MERCEDES-BENZ,HC BRA,HC BRA,ICE
MERCEDES-BENZ,HC PRE,HC PRE,ICE
MERCEDES-BENZ,HX PRE,HX PRE,ICE
MERCEDES-BENZ,JRV,JRV,ICE
MERCEDES-BENZ,JRV AD,JRV AD,ICE
MERCEDES-BENZ,JRV AL,JRV AL,ICE
MERCEDES-BENZ,JRV CA,JRV CA,ICE
MERCEDES-BENZ,JRV X,JRV X,ICE
MERCEDES-BENZ,JRVX,JRVX,ICE
MERCEDES-BENZ,JV,JV,ICE
MERCEDES-BENZ,KEA DI,KEA DI,ICE
MERCEDES-BENZ,KEA NA,KEA NA,ICE
MERCEDES-BENZ,KEA NO,KEA NO,ICE
MERCEDES-BENZ,KEA UL,KEA UL,ICE
MERCEDES-BENZ,KUHLMA,KUHLMA,ICE
MERCEDES-BENZ,M-AMG,M-AMG,ICE
MERCEDES-BENZ,MARCO,MARCO,ICE
MERCEDES-BENZ,MAYBAC,MAYBAC,ICE
MERCEDES-BENZ,MB SPR,MB SPR,ICE
MERCEDES-BENZ,MERC B,MERC B,ICE
MERCEDES-BENZ,MS 22,MS 22,ICE
MERCEDES-BENZ,MS 24,MS 24,ICE
MERCEDES-BENZ,O500RF,O500RF,ICE
MERCEDES-BENZ,O500RS,O500RS,ICE
MERCEDES-BENZ,OC 500,OC 500,ICE
MERCEDES-BENZ,OC500L,OC500L,ICE
MERCEDES-BENZ,OC500R,OC500R,ICE
MERCEDES-BENZ,OPTIMU,OPTIMU,ICE
MERCEDES-BENZ,PRINT,PRINT,ICE
MERCEDES-BENZ,S 450,S 450,ICE
MERCEDES-BENZ,S 580,S 580,ICE
MERCEDES-BENZ,S450,S450,ICE
MERCEDES-BENZ,S450 L,S450 L,ICE
MERCEDES-BENZ,S580,S580,ICE
MERCEDES-BENZ,S580L,S580L,ICE
MERCEDES-BENZ,S680,S680,ICE
MERCEDES-BENZ,S680 M,S680 M,ICE
MERCEDES-BENZ,SEALIO,SEALIO,ICE
MERCEDES-BENZ,SHARK,SHARK,ICE
MERCEDES-BENZ,SL 63,SL 63,ICE
MERCEDES-BENZ,SL63,SL63,ICE
MERCEDES-BENZ,SL63 A,SL63 A,ICE
MERCEDES-BENZ,SPR,SPR,ICE
MERCEDES-BENZ,SPRINT,SPRINT,ICE
MERCEDES-BENZ,SPTINT,SPTINT,ICE
MERCEDES-BENZ,SUNCAM,SUNCAM,ICE
MERCEDES-BENZ,TRAKKA,TRAKKA,ICE
MERCEDES-BENZ,UNIMAG,UNIMAG,ICE
MERCEDES-BENZ,V 250,V 250,ICE
MERCEDES-BENZ,V 300,V 300,ICE
MERCEDES-BENZ,V 300D,V 300D,ICE
MERCEDES-BENZ,V 5912,V 5912,ICE
MERCEDES-BENZ,V 7012,V 7012,ICE
MERCEDES-BENZ,V CLAS,V CLAS,ICE
MERCEDES-BENZ,V200,V200,ICE
MERCEDES-BENZ,V250,V250,ICE
MERCEDES-BENZ,V250 V,V250 V,ICE
MERCEDES-BENZ,V250D,V250D,ICE
MERCEDES-BENZ,V300,V300,ICE
MERCEDES-BENZ,V300 A,V300 A,ICE
MERCEDES-BENZ,V300 M,V300 M,ICE
MERCEDES-BENZ,V300 V,V300 V,ICE
MERCEDES-BENZ,V300D,V300D,ICE
MERCEDES-BENZ,V7002,V7002,ICE
MERCEDES-BENZ,VCLASS,VCLASS,ICE
MERCEDES-BENZ,VITO,VITO,ICE
MERCEDES-BENZ,VITO 1,VITO 1,ICE
MERCEDES-BENZ,VITO C,VITO C,ICE
MERCEDES-BENZ,VITO L,VITO L,ICE
MERCEDES-BENZ,VITO M,VITO M,ICE
MERCEDES-BENZ,VITO T,VITO T,ICE
MERCEDES-BENZ,VS 30,VS 30,ICE
MERCEDES-BENZ,VS20,VS20,ICE
MERCEDES-BENZ,VS20 1,VS20 1,ICE
MERCEDES-BENZ,VS20 V,VS20 V,ICE
MERCEDES-BENZ,VS30,VS30,ICE
MERCEDES-BENZ,VS30 3,VS30 3,ICE
MERCEDES-BENZ,VS30 L,VS30 L,ICE
MERCEDES-BENZ,VS30 S,VS30 S,ICE
MERCEDES-BENZ,VTIO M,VTIO M,ICE
MERCEDES-BENZ,WAGON,WAGON,ICE
MERCEDES-BENZ,WINNEB,WINNEB,ICE
MERCEDES-BENZ,X247 G,X247 G,ICE
MG,NAN,NAN,ICE
MG,100 AW,100 AW,ICE
MG,15S4C5,15S4C5,ICE
MG,2024,2024,ICE
MG,22,22,ICE
MG,25,25,ICE
MG,3,3,ICE
MG,3 CORE,3 CORE,ICE
MG,3 CVT,3 CVT,ICE
MG,3 ESSE,3 ESSE,ICE
MG,3 EXCI,3 EXCI,ICE
MG,3 HEV,3 HEV,HEV
MG,3 VIBE,3 VIBE,ICE
MG,3CVT E,3CVT E,ICE
MG,3CVT V,3CVT V,ICE
MG,3EXCIT,3EXCIT,ICE
MG,4,4,ICE
MG,4 51K,4 51K,ICE
MG,4 64,4 64,ICE
MG,4 64 E,4 64 E,ICE
MG,4 77 E,4 77 E,ICE
MG,4 ESSE,4 ESSE,ICE
MG,4 EVR,4 EVR,BEV
MG,4 EXCI,4 EXCI,ICE
MG,4 X PO,4 X PO,ICE
MG,4 XPOW,4 XPOW,ICE
MG,4WD ES,4WD ES,ICE
MG,5,5,ICE
MG,5 ESSE,5 ESSE,ICE
MG,5 VIBE,5 VIBE,ICE
MG,64 ESS,64 ESS,ICE
MG,64KWH,64KWH,ICE
MG,7 ESSE,7 ESSE,ICE
MG,AP32 M,AP32 M,ICE
MG,AS33,AS33,ICE
MG,AT EXP,AT EXP,ICE
MG,AZS117,AZS117,ICE
MG,B 6832,B 6832,ICE
MG,BYD MY,BYD MY,ICE
MG,CORE,CORE,ICE
MG,CYBERS,CYBERS,ICE
MG,DMAX S,DMAX S,ICE
MG,ESSEN,ESSEN,ICE
MG,ESSENC,ESSENC,ICE
MG,EV ESS,EV ESS,BEV
MG,EV EXC,EV EXC,BEV
MG,EXCITE,EXCITE,ICE
MG,EXPLOR,EXPLOR,ICE
MG,G3,G3,ICE
MG,HEV ES,HEV ES,HEV
MG,HS,HS,ICE
MG,HS ES,HS ES,ICE
MG,HS ESE,HS ESE,ICE
MG,HS ESS,HS ESS,ICE
MG,HS EV,HS EV,BEV
MG,HS EXC,HS EXC,ICE
MG,HS HEV,HS HEV,HEV
MG,HS HYB,HS HYB,ICE
MG,HS MY2,HS MY2,ICE
MG,HS NG,HS NG,ICE
MG,HS NGE,HS NGE,ICE
MG,HS PHE,HS PHE,ICE
MG,HS PLU,HS PLU,ICE
MG,HS SHE,HS SHE,ICE
MG,HS SUP,HS SUP,ICE
MG,HS VBE,HS VBE,ICE
MG,HS VI,HS VI,ICE
MG,HS VIB,HS VIB,ICE
MG,HSEV E,HSEV E,BEV
MG,IM5,IM5,ICE
MG,IM5 10,IM5 10,ICE
MG,IM5 AW,IM5 AW,ICE
MG,IM5 EV,IM5 EV,BEV
MG,IM5 PE,IM5 PE,ICE
MG,IM5 PL,IM5 PL,ICE
MG,IM6,IM6,ICE
MG,IM6 DE,IM6 DE,ICE
MG,IM6 EV,IM6 EV,BEV
MG,IM6 PE,IM6 PE,ICE
MG,IM6 PL,IM6 PL,ICE
MG,M,M,ICE
MG,M3,M3,ICE
MG,M3 ESS,M3 ESS,ICE
MG,M6 PER,M6 PER,ICE
MG,MAZDA,MAZDA,ICE
MG,MC3,MC3,ICE
MG,MG,MG,ICE
MG,MG 3,MG 3,ICE
MG,MG 3 C,MG 3 C,ICE
MG,MG 3 E,MG 3 E,ICE
MG,MG 3 H,MG 3 H,ICE
MG,MG 3 V,MG 3 V,ICE
MG,MG 4,MG 4,ICE
MG,MG 4 5,MG 4 5,ICE
MG,MG 4 6,MG 4 6,ICE
MG,MG 4 E,MG 4 E,ICE
MG,MG 451,MG 451,ICE
MG,MG 5,MG 5,ICE
MG,MG 5 V,MG 5 V,ICE
MG,MG CVT,MG CVT,ICE
MG,MG ESS,MG ESS,ICE
MG,MG EXC,MG EXC,ICE
MG,MG HEV,MG HEV,HEV
MG,MG HS,MG HS,ICE
MG,MG IM5,MG IM5,ICE
MG,MG IM6,MG IM6,ICE
MG,MG NEW,MG NEW,ICE
MG,MG NG,MG NG,ICE
MG,MG NHS,MG NHS,ICE
MG,MG QS,MG QS,ICE
MG,MG S5,MG S5,ICE
MG,MG S5E,MG S5E,ICE
MG,MG U9,MG U9,ICE
MG,MG VIB,MG VIB,ICE
MG,MG ZS,MG ZS,ICE
MG,MG ZST,MG ZST,ICE
MG,MG3,MG3,ICE
MG,MG3 4A,MG3 4A,ICE
MG,MG3 51,MG3 51,ICE
MG,MG3 C,MG3 C,ICE
MG,MG3 CO,MG3 CO,ICE
MG,MG3 CV,MG3 CV,ICE
MG,MG3 ES,MG3 ES,ICE
MG,MG3 EX,MG3 EX,ICE
MG,MG3 FW,MG3 FW,ICE
MG,MG3 HE,MG3 HE,ICE
MG,MG3 HY,MG3 HY,ICE
MG,MG3 M2,MG3 M2,ICE
MG,MG3 MY,MG3 MY,ICE
MG,MG3 NG,MG3 NG,ICE
MG,MG3 VI,MG3 VI,ICE
MG,MG3COR,MG3COR,ICE
MG,MG3ESS,MG3ESS,ICE
MG,MG4,MG4,ICE
MG,MG4 51,MG4 51,ICE
MG,MG4 6,MG4 6,ICE
MG,MG4 64,MG4 64,ICE
MG,MG4 77,MG4 77,ICE
MG,MG4 ES,MG4 ES,ICE
MG,MG4 EV,MG4 EV,BEV
MG,MG4 EX,MG4 EX,ICE
MG,MG4 M,MG4 M,ICE
MG,MG4 MG,MG4 MG,ICE
MG,MG4 MY,MG4 MY,ICE
MG,MG4 PO,MG4 PO,ICE
MG,MG4 UR,MG4 UR,ICE
MG,MG4 X,MG4 X,ICE
MG,MG4 XP,MG4 XP,ICE
MG,MG4URB,MG4URB,ICE
MG,MG5,MG5,ICE
MG,MG5 AT,MG5 AT,ICE
MG,MG5 CV,MG5 CV,ICE
MG,MG5 DC,MG5 DC,ICE
MG,MG5 ES,MG5 ES,ICE
MG,MG5 EX,MG5 EX,ICE
MG,MG5 LU,MG5 LU,ICE
MG,MG5 MY,MG5 MY,ICE
MG,MG5 VB,MG5 VB,ICE
MG,MG5 VI,MG5 VI,ICE
MG,MG7,MG7,ICE
MG,MG7 AT,MG7 AT,ICE
MG,MG7 ES,MG7 ES,ICE
MG,MGE ES,MGE ES,ICE
MG,MGHS,MGHS,ICE
MG,MGHS 7,MGHS 7,ICE
MG,MGHS E,MGHS E,ICE
MG,MGHS P,MGHS P,ICE
MG,MGHS V,MGHS V,ICE
MG,MGNGZS,MGNGZS,ICE
MG,MGQS A,MGQS A,ICE
MG,MGQS E,MGQS E,ICE
MG,MGQS L,MGQS L,ICE
MG,MGS ES,MGS ES,ICE
MG,MGS5,MGS5,ICE
MG,MGS5 E,MGS5 E,ICE
MG,MGS5EV,MGS5EV,BEV
MG,MGU9,MGU9,ICE
MG,MGU9 A,MGU9 A,ICE
MG,MGU9 E,MGU9 E,ICE
MG,MGZS,MGZS,ICE
MG,MGZS 4,MGZS 4,ICE
MG,MGZS C,MGZS C,ICE
MG,MGZS E,MGZS E,ICE
MG,MGZS H,MGZS H,ICE
MG,MGZS V,MGZS V,ICE
MG,MGZS1,MGZS1,ICE
MG,MGZST,MGZST,ICE
MG,MH HS,MH HS,ICE
MG,MU U9,MU U9,ICE
MG,MUX LS,MUX LS,ICE
MG,MUXV L,MUXV L,ICE
MG,MY23 M,MY23 M,ICE
MG,MY24 M,MY24 M,ICE
MG,MY24 Z,MY24 Z,ICE
MG,MY25 M,MY25 M,ICE
MG,MZS E,MZS E,ICE
MG,NEW HS,NEW HS,ICE
MG,NEW MG,NEW MG,ICE
MG,NEW ZS,NEW ZS,ICE
MG,NG HS,NG HS,ICE
MG,NG ZS,NG ZS,ICE
MG,NG ZSH,NG ZSH,ICE
MG,NG ZST,NG ZST,ICE
MG,OUTLANDER,OUTLANDER,ICE
MG,QS,QS,ICE
MG,QS 2WD,QS 2WD,ICE
MG,QS 4WD,QS 4WD,ICE
MG,QS AT,QS AT,ICE
MG,QS ESS,QS ESS,ICE
MG,QS EXC,QS EXC,ICE
MG,QS MY2,QS MY2,ICE
MG,S5,S5,ICE
MG,S5 ESS,S5 ESS,ICE
MG,S5 EV,S5 EV,BEV
MG,S5 EXC,S5 EXC,ICE
MG,S5EV,S5EV,BEV
MG,S5EV E,S5EV E,BEV
MG,S5EVES,S5EVES,BEV
MG,SANTA,SANTA,ICE
MG,SZ EXC,SZ EXC,ICE
MG,SZT EX,SZT EX,ICE
MG,TCROSS,TCROSS,ICE
MG,U9,U9,ICE
MG,U9 EX,U9 EX,ICE
MG,U9 EXP,U9 EXP,ICE
MG,U9 U9,U9 U9,ICE
MG,U9 UTE,U9 UTE,ICE
MG,VIBE,VIBE,ICE
MG,XPOWER,XPOWER,ICE
MG,XUV3XO,XUV3XO,ICE
MG,ZE EV,ZE EV,BEV
MG,ZE EXC,ZE EXC,ICE
MG,ZHHYBR,ZHHYBR,ICE
MG,ZP22,ZP22,ICE
MG,ZP22 M,ZP22 M,ICE
MG,ZR EXC,ZR EXC,ICE
MG,ZS,ZS,ICE
MG,ZS COR,ZS COR,ICE
MG,ZS CVT,ZS CVT,ICE
MG,ZS ES,ZS ES,ICE
MG,ZS ESS,ZS ESS,ICE
MG,ZS EV,ZS EV,BEV
MG,ZS EX,ZS EX,ICE
MG,ZS EXC,ZS EXC,ICE
MG,ZS EXI,ZS EXI,ICE
MG,ZS HEV,ZS HEV,HEV
MG,ZS HYB,ZS HYB,ICE
MG,ZS MY,ZS MY,ICE
MG,ZS MY2,ZS MY2,ICE
MG,ZS NEW,ZS NEW,ICE
MG,ZS PHE,ZS PHE,ICE
MG,ZS T,ZS T,ICE
MG,ZS T C,ZS T C,ICE
MG,ZS T E,ZS T E,ICE
MG,ZS T M,ZS T M,ICE
MG,ZS T V,ZS T V,ICE
MG,ZS TST,ZS TST,ICE
MG,ZS TUR,ZS TUR,ICE
MG,ZS VIB,ZS VIB,ICE
MG,ZS ZST,ZS ZST,ICE
MG,ZS4AT,ZS4AT,ICE
MG,ZSEV,ZSEV,BEV
MG,ZSH,ZSH,ICE
MG,ZSHEV,ZSHEV,HEV
MG,ZSR EX,ZSR EX,ICE
MG,ZST,ZST,ICE
MG,ZST 6A,ZST 6A,ICE
MG,ZST CO,ZST CO,ICE
MG,ZST CV,ZST CV,ICE
MG,ZST ES,ZST ES,ICE
MG,ZST EX,ZST EX,ICE
MG,ZST MG,ZST MG,ICE
MG,ZST SX,ZST SX,ICE
MG,ZST VI,ZST VI,ICE
MG,ZSTCVT,ZSTCVT,ICE
MG,ZSTVIB,ZSTVIB,ICE
MG,ZSVIBE,ZSVIBE,ICE
MG,ZTS,ZTS,ICE
MG,ZV EV,ZV EV,BEV
MG,ZX EXC,ZX EXC,ICE
MINI,ACEMAN,ACEMAN,ICE
MINI,ASX,ASX,ICE
MINI,CLUBMA,CLUBMA,ICE
MINI,CONVER,CONVER,ICE
MINI,COOPE,COOPE,ICE
MINI,COOPER,COOPER,ICE
MINI,COPPER,COPPER,ICE
MINI,COUNRT,COUNRT,ICE
MINI,COUNT,COUNT,ICE
MINI,COUNTR,COUNTR,ICE
MINI,COUNTY,COUNTY,ICE
MINI,COUPER,COUPER,ICE
MINI,COUTRY,COUTRY,ICE
MINI,E COUN,E COUN,ICE
MINI,ECLIPS,ECLIPS,ICE
MINI,JCW,JCW,ICE
MINI,JCW 3D,JCW 3D,ICE
MINI,JCW AL,JCW AL,ICE
MINI,JCW CL,JCW CL,ICE
MINI,JCW CO,JCW CO,ICE
MINI,JCW E,JCW E,ICE
MINI,JCW HA,JCW HA,ICE
MINI,JOHN,JOHN,ICE
MINI,JOHN C,JOHN C,ICE
MINI,JWC,JWC,ICE
MINI,MINI C,MINI C,ICE
MINI,MINI J,MINI J,ICE
MINI,OUTLANDER,OUTLANDER,ICE
MINI,S CLUB,S CLUB,ICE
MINI,S COUN,S COUN,ICE
MINI,SE COU,SE COU,ICE
MINI,TRITON,TRITON,ICE
MITSUBISHI,NAN,NAN,ICE
MITSUBISHI,2023,2023,ICE
MITSUBISHI,2024,2024,ICE
MITSUBISHI,2025,2025,ICE
MITSUBISHI,24,24,ICE
MITSUBISHI,4N15UK,4N15UK,ICE
MITSUBISHI,ALX LS,ALX LS,ICE
MITSUBISHI,ASK,ASK,ICE
MITSUBISHI,ASPIRE,ASPIRE,ICE
MITSUBISHI,ASW,ASW,ICE
MITSUBISHI,ASX,ASX,ICE
MITSUBISHI,ASX AS,ASX AS,ICE
MITSUBISHI,ASX ES,ASX ES,ICE
MITSUBISHI,ASX EX,ASX EX,ICE
MITSUBISHI,ASX GS,ASX GS,ICE
MITSUBISHI,ASX LD,ASX LD,ICE
MITSUBISHI,ASX LS,ASX LS,ICE
MITSUBISHI,ASX MR,ASX MR,ICE
MITSUBISHI,ASX XD,ASX XD,ICE
MITSUBISHI,ASX XE,ASX XE,ICE
MITSUBISHI,AXX,AXX,ICE
MITSUBISHI,BE741J,BE741J,ICE
MITSUBISHI,CAN,CAN,ICE
MITSUBISHI,CANTAR,CANTAR,ICE
MITSUBISHI,CANTER,CANTER,ICE
MITSUBISHI,CARNIV,CARNIV,ICE
MITSUBISHI,CERATO,CERATO,ICE
MITSUBISHI,CX-5,CX-5,ICE
MITSUBISHI,DMAX,DMAX,ICE
MITSUBISHI,ECIPSE,ECIPSE,ICE
MITSUBISHI,ECLIKP,ECLIKP,ICE
MITSUBISHI,ECLIPS,ECLIPS,ICE
MITSUBISHI,ECLISP,ECLISP,ICE
MITSUBISHI,ECLPIS,ECLPIS,ICE
MITSUBISHI,ECLPSE,ECLPSE,ICE
MITSUBISHI,ELCIPS,ELCIPS,ICE
MITSUBISHI,EX5,EX5,ICE
MITSUBISHI,EXCEED,EXCEED,ICE
MITSUBISHI,F025N,F025N,ICE
MITSUBISHI,FB25CB,FB25CB,ICE
MITSUBISHI,FB30LB,FB30LB,ICE
MITSUBISHI,FE45N,FE45N,ICE
MITSUBISHI,FEA21C,FEA21C,ICE
MITSUBISHI,FEA21E,FEA21E,ICE
MITSUBISHI,FEA61B,FEA61B,ICE
MITSUBISHI,FEB21C,FEB21C,ICE
MITSUBISHI,FEB21E,FEB21E,ICE
MITSUBISHI,FEB51E,FEB51E,ICE
MITSUBISHI,FEB51G,FEB51G,ICE
MITSUBISHI,FEB71E,FEB71E,ICE
MITSUBISHI,FEB71G,FEB71G,ICE
MITSUBISHI,FEC71E,FEC71E,ICE
MITSUBISHI,FEC81C,FEC81C,ICE
MITSUBISHI,FECX1G,FECX1G,ICE
MITSUBISHI,FECX1H,FECX1H,ICE
MITSUBISHI,FECX1K,FECX1K,ICE
MITSUBISHI,FG15,FG15,ICE
MITSUBISHI,FG18ZN,FG18ZN,ICE
MITSUBISHI,FG225N,FG225N,ICE
MITSUBISHI,FG25N,FG25N,ICE
MITSUBISHI,FG25NT,FG25NT,ICE
MITSUBISHI,FG30NT,FG30NT,ICE
MITSUBISHI,FG30PT,FG30PT,ICE
MITSUBISHI,FG35NT,FG35NT,ICE
MITSUBISHI,FGB71E,FGB71E,ICE
MITSUBISHI,FGE25,FGE25,ICE
MITSUBISHI,FIGHT,FIGHT,ICE
MITSUBISHI,FIGHTE,FIGHTE,ICE
MITSUBISHI,FIGHTR,FIGHTR,ICE
MITSUBISHI,FK600,FK600,ICE
MITSUBISHI,FK62FL,FK62FL,ICE
MITSUBISHI,FK65FL,FK65FL,ICE
MITSUBISHI,FL25PT,FL25PT,ICE
MITSUBISHI,FM67,FM67,ICE
MITSUBISHI,FM67FM,FM67FM,ICE
MITSUBISHI,FM67FS,FM67FS,ICE
MITSUBISHI,FN63FU,FN63FU,ICE
MITSUBISHI,FN64FU,FN64FU,ICE
MITSUBISHI,FS76HS,FS76HS,ICE
MITSUBISHI,FS76HV,FS76HV,ICE
MITSUBISHI,FU74GU,FU74GU,ICE
MITSUBISHI,FU80,FU80,ICE
MITSUBISHI,FUSO,FUSO,ICE
MITSUBISHI,FUSO C,FUSO C,ICE
MITSUBISHI,FUSO F,FUSO F,ICE
MITSUBISHI,FUSO S,FUSO S,ICE
MITSUBISHI,FV74GU,FV74GU,ICE
MITSUBISHI,FV74HJ,FV74HJ,ICE
MITSUBISHI,FV74HK,FV74HK,ICE
MITSUBISHI,GB71 C,GB71 C,ICE
MITSUBISHI,IMPREZ,IMPREZ,ICE
MITSUBISHI,KAMIQ,KAMIQ,ICE
MITSUBISHI,KAROQ,KAROQ,ICE
MITSUBISHI,KONA,KONA,ICE
MITSUBISHI,LANC05,LANC05,ICE
MITSUBISHI,MR TRI,MR TRI,ICE
MITSUBISHI,MUX,MUX,ICE
MITSUBISHI,MV TRI,MV TRI,ICE
MITSUBISHI,MV4X47,MV4X47,ICE
MITSUBISHI,OITLAN,OITLAN,ICE
MITSUBISHI,OTLAND,OTLAND,ICE
MITSUBISHI,OULAND,OULAND,ICE
MITSUBISHI,OURLAN,OURLAN,ICE
MITSUBISHI,OUT,OUT,ICE
MITSUBISHI,OUTALN,OUTALN,ICE
MITSUBISHI,OUTLANDER,OUTLANDER,ICE
MITSUBISHI,PAJER,PAJER,ICE
MITSUBISHI,PAJERO,PAJERO,ICE
MITSUBISHI,PAJRO,PAJRO,ICE
MITSUBISHI,QASHQA,QASHQA,ICE
MITSUBISHI,QF PAJ,QF PAJ,ICE
MITSUBISHI,QG PAJ,QG PAJ,ICE
MITSUBISHI,ROSA,ROSA,ICE
MITSUBISHI,SCALA,SCALA,ICE
MITSUBISHI,SPORTA,SPORTA,ICE
MITSUBISHI,STARIA,STARIA,ICE
MITSUBISHI,SWIFT,SWIFT,ICE
MITSUBISHI,T,T,ICE
MITSUBISHI,TA FIG,TA FIG,ICE
MITSUBISHI,TAFIGH,TAFIGH,ICE
MITSUBISHI,TG,TG,ICE
MITSUBISHI,TGFP,TGFP,ICE
MITSUBISHI,TIRTON,TIRTON,ICE
MITSUBISHI,TR,TR,ICE
MITSUBISHI,TRI,TRI,ICE
MITSUBISHI,TRIOTN,TRIOTN,ICE
MITSUBISHI,TRITIO,TRITIO,ICE
MITSUBISHI,TRITON,TRITON,ICE
MITSUBISHI,TRTION,TRTION,ICE
MITSUBISHI,UG BR7,UG BR7,ICE
MITSUBISHI,WAGON,WAGON,ICE
MITSUBISHI,WHITE,WHITE,ICE
MITSUBISHI,XD ASX,XD ASX,ICE
MITSUBISHI,XD2F45,XD2F45,ICE
MITSUBISHI,XDASX,XDASX,ICE
MITSUBISHI,YB ECL,YB ECL,ICE
MITSUBISHI,ZM OU,ZM OU,ICE
MITSUBISHI,ZM OUT,ZM OUT,ICE
NISSAN,NAN,NAN,ICE
NISSAN,2024,2024,ICE
NISSAN,370Z,370Z,ICE
NISSAN,400Z,400Z,ICE
NISSAN,456114,456114,ICE
NISSAN,ARIYA,ARIYA,ICE
NISSAN,AURA,AURA,ICE
NISSAN,BRZ,BRZ,ICE
NISSAN,CAPTUR,CAPTUR,ICE
NISSAN,COUPE,COUPE,ICE
NISSAN,D27 NA,D27 NA,ICE
NISSAN,J12 QA,J12 QA,ICE
NISSAN,JUKE,JUKE,ICE
NISSAN,JUKE S,JUKE S,ICE
NISSAN,JUKE T,JUKE T,ICE
NISSAN,JUKEST,JUKEST,ICE
NISSAN,LEAF,LEAF,BEV
NISSAN,LEAF E,LEAF E,ICE
NISSAN,LEEAF,LEEAF,ICE
NISSAN,NARAVA,NARAVA,ICE
NISSAN,NARVAR,NARVAR,ICE
NISSAN,NAVAA,NAVAA,ICE
NISSAN,NAVAR,NAVAR,ICE
NISSAN,NAVARA,NAVARA,ICE
NISSAN,NAVARR,NAVARR,ICE
NISSAN,NAVRA,NAVRA,ICE
NISSAN,NISMO,NISMO,ICE
NISSAN,NISSAN,NISSAN,ICE
NISSAN,NOTE,NOTE,ICE
NISSAN,NVARA,NVARA,ICE
NISSAN,NVAVAR,NVAVAR,ICE
NISSAN,PAT,PAT,ICE
NISSAN,PATHFI,PATHFI,ICE
NISSAN,PATRO,PATRO,ICE
NISSAN,PATROL,PATROL,ICE
NISSAN,PATTOL,PATTOL,ICE
NISSAN,PFINDE,PFINDE,ICE
NISSAN,PJ02A2,PJ02A2,ICE
NISSAN,PR25DD,PR25DD,ICE
NISSAN,PRO4X,PRO4X,ICE
NISSAN,QA,QA,ICE
NISSAN,QASHAQ,QASHAQ,ICE
NISSAN,QASHQA,QASHQA,ICE
NISSAN,QASHQI,QASHQI,ICE
NISSAN,QASQAI,QASQAI,ICE
NISSAN,QUON,QUON,ICE
NISSAN,RAV4,RAV4,ICE
NISSAN,SCAR90,SCAR90,ICE
NISSAN,SERENA,SERENA,ICE
NISSAN,STX NA,STX NA,ICE
NISSAN,T33,T33,ICE
NISSAN,TIID06,TIID06,ICE
NISSAN,W,W,ICE
NISSAN,WARRIO,WARRIO,ICE
NISSAN,WRANGL,WRANGL,ICE
NISSAN,X,X,ICE
NISSAN,X TRA,X TRA,ICE
NISSAN,X TRAI,X TRAI,ICE
NISSAN,XRAIL,XRAIL,ICE
NISSAN,XT,XT,ICE
NISSAN,XTEPWR,XTEPWR,ICE
NISSAN,XTR,XTR,ICE
NISSAN,XTRA,XTRA,ICE
NISSAN,XTRAIL,XTRAIL,ICE
NISSAN,XYT,XYT,ICE
NISSAN,Y62 P,Y62 P,ICE
NISSAN,Z,Z,ICE
NISSAN,Z COUP,Z COUP,ICE
NISSAN,Z NISM,Z NISM,ICE
NISSAN,Z NISS,Z NISS,ICE
NISSAN,Z PROT,Z PROT,ICE
NISSAN,Z Z PR,Z Z PR,ICE
NISSAN,Z Z34,Z Z34,ICE
NISSAN,Z34,Z34,ICE
NISSAN,Z34 CO,Z34 CO,ICE
NISSAN,Z34 Z,Z34 Z,ICE
NISSAN,ZST CO,ZST CO,ICE
OMODA,09,09,ICE
OMODA,9,9,ICE
OMODA,9 VIRT,9 VIRT,ICE
OMODA,O9,O9,ICE
OMODA,O9 PHE,O9 PHE,ICE
OMODA,OMODA,OMODA,ICE
PEUGEOT,2006 G,2006 G,ICE
PEUGEOT,2008,2008,ICE
PEUGEOT,2008 A,2008 A,ICE
PEUGEOT,2008 G,2008 G,ICE
PEUGEOT,200T G,200T G,ICE
PEUGEOT,280U2G,280U2G,ICE
PEUGEOT,3008,3008,ICE
PEUGEOT,3008 A,3008 A,ICE
PEUGEOT,3008 G,3008 G,ICE
PEUGEOT,3008GT,3008GT,ICE
PEUGEOT,308,308,ICE
PEUGEOT,308 EV,308 EV,BEV
PEUGEOT,308 GT,308 GT,ICE
PEUGEOT,308 PH,308 PH,ICE
PEUGEOT,308GT,308GT,ICE
PEUGEOT,380 GT,380 GT,ICE
PEUGEOT,380U2G,380U2G,ICE
PEUGEOT,408,408,ICE
PEUGEOT,408 G,408 G,ICE
PEUGEOT,408 GT,408 GT,ICE
PEUGEOT,408GT,408GT,ICE
PEUGEOT,5008,5008,ICE
PEUGEOT,5008 A,5008 A,ICE
PEUGEOT,5008 G,5008 G,ICE
PEUGEOT,508,508,ICE
PEUGEOT,508 GT,508 GT,ICE
PEUGEOT,508 PH,508 PH,ICE
PEUGEOT,BOXER,BOXER,ICE
PEUGEOT,C5,C5,ICE
PEUGEOT,DJANGO,DJANGO,ICE
PEUGEOT,E 2008,E 2008,ICE
PEUGEOT,E 308,E 308,ICE
PEUGEOT,E EXPE,E EXPE,ICE
PEUGEOT,E PART,E PART,ICE
PEUGEOT,E-2008,E-2008,ICE
PEUGEOT,E2008,E2008,ICE
PEUGEOT,E208,E208,ICE
PEUGEOT,E308,E308,ICE
PEUGEOT,EPARTN,EPARTN,ICE
PEUGEOT,EQUITR,EQUITR,ICE
PEUGEOT,EXPERT,EXPERT,ICE
PEUGEOT,PAR,PAR,ICE
PEUGEOT,PARNER,PARNER,ICE
PEUGEOT,PARTNE,PARTNE,ICE
PEUGEOT,PARTNR,PARTNR,ICE
PEUGEOT,PCVPRO,PCVPRO,ICE
PEUGEOT,SONIC,SONIC,ICE
PEUGEOT,TWEET,TWEET,ICE
PEUGEOT,XP 400,XP 400,ICE
PEUGEOT,XP400,XP400,ICE
POLESTAR,1,1,ICE
POLESTAR,2,2,ICE
POLESTAR,3,3,ICE
POLESTAR,4,4,ICE
POLESTAR,5,5,ICE
POLESTAR,MODEL5,MODEL5,ICE
POLESTAR,POLES3,POLES3,ICE
POLESTAR,POLEST,POLEST,ICE
PORSCHE,2024,2024,ICE
PORSCHE,718,718,ICE
PORSCHE,718 BO,718 BO,ICE
PORSCHE,718 CA,718 CA,ICE
PORSCHE,718 SP,718 SP,ICE
PORSCHE,911,911,ICE
PORSCHE,911 CA,911 CA,ICE
PORSCHE,911 DA,911 DA,ICE
PORSCHE,911 GT,911 GT,ICE
PORSCHE,911 SP,911 SP,ICE
PORSCHE,911 ST,911 ST,ICE
PORSCHE,911 T,911 T,ICE
PORSCHE,911 TA,911 TA,ICE
PORSCHE,911 TU,911 TU,ICE
PORSCHE,911CAR,911CAR,ICE
PORSCHE,911GT3,911GT3,ICE
PORSCHE,992 GT,992 GT,ICE
PORSCHE,BOXSTE,BOXSTE,ICE
PORSCHE,BOXTER,BOXTER,ICE
PORSCHE,CARRER,CARRER,ICE
PORSCHE,CATENN,CATENN,ICE
PORSCHE,CAYEME,CAYEME,ICE
PORSCHE,CAYENE,CAYENE,ICE
PORSCHE,CAYENN,CAYENN,ICE
PORSCHE,CAYMAN,CAYMAN,ICE
PORSCHE,EAYENN,EAYENN,ICE
PORSCHE,GT3,GT3,ICE
PORSCHE,MA,MA,ICE
PORSCHE,MACAN,MACAN,ICE
PORSCHE,MACAN4,MACAN4,ICE
PORSCHE,MANCAN,MANCAN,ICE
PORSCHE,PANAME,PANAME,ICE
PORSCHE,SPYDER,SPYDER,ICE
PORSCHE,TAYCAN,TAYCAN,ICE
PORSCHE,TAYCON,TAYCON,ICE
PORSCHE,TAYGAN,TAYGAN,ICE
RIVIAN,R1T,R1T,ICE
SKODA,ELROQ,ELROQ,ICE
SKODA,ELROY,ELROY,ICE
SKODA,ENAQ,ENAQ,ICE
SKODA,ENYAQ,ENYAQ,ICE
SKODA,FABIA,FABIA,ICE
SKODA,FABIQ,FABIQ,ICE
SKODA,FASBIA,FASBIA,ICE
SKODA,KAMIQ,KAMIQ,ICE
SKODA,KAMMIQ,KAMMIQ,ICE
SKODA,KAODIA,KAODIA,ICE
SKODA,KAORQ,KAORQ,ICE
SKODA,KARIQ,KARIQ,ICE
SKODA,KAROQ,KAROQ,ICE
SKODA,KAROOQ,KAROOQ,ICE
SKODA,KODAIQ,KODAIQ,ICE
SKODA,KODIAQ,KODIAQ,ICE
SKODA,KODIQ,KODIQ,ICE
SKODA,KOODIA,KOODIA,ICE
SKODA,MODIAQ,MODIAQ,ICE
SKODA,O,O,ICE
SKODA,OCATVI,OCATVI,ICE
SKODA,OCTAVI,OCTAVI,ICE
SKODA,PAJERO,PAJERO,ICE
SKODA,SCALA,SCALA,ICE
SKODA,SILVER,SILVER,ICE
SKODA,SUJPER,SUJPER,ICE
SKODA,SUPERB,SUPERB,ICE
SKODA,TIGGO,TIGGO,ICE
SKODA,WHITE,WHITE,ICE
SUBARU,2023,2023,ICE
SUBARU,2024,2024,ICE
SUBARU,308,308,ICE
SUBARU,BLUE,BLUE,ICE
SUBARU,BRZ,BRZ,ICE
SUBARU,BRZ CO,BRZ CO,ICE
SUBARU,BRZ S,BRZ S,ICE
SUBARU,BRZ TS,BRZ TS,ICE
SUBARU,CEROSS,CEROSS,ICE
SUBARU,CROSST,CROSST,ICE
SUBARU,CROSS,CROSS,ICE
SUBARU,CROSSS,CROSSS,ICE
SUBARU,CROSTR,CROSTR,ICE
SUBARU,CRSSTR,CRSSTR,ICE
SUBARU,DMAX,DMAX,ICE
SUBARU,F,F,ICE
SUBARU,FO,FO,ICE
SUBARU,FOEEST,FOEEST,ICE
SUBARU,FOESTE,FOESTE,ICE
SUBARU,FOIRES,FOIRES,ICE
SUBARU,FOREST,FOREST,ICE
SUBARU,FORETS,FORETS,ICE
SUBARU,FORSTE,FORSTE,ICE
SUBARU,GREEN,GREEN,ICE
SUBARU,HEV FO,HEV FO,HEV
SUBARU,I30,I30,ICE
SUBARU,IMPREZ,IMPREZ,ICE
SUBARU,MY26 C,MY26 C,ICE
SUBARU,MY26 F,MY26 F,ICE
SUBARU,OITBAC,OITBAC,ICE
SUBARU,OIUTBA,OIUTBA,ICE
SUBARU,OUBAC,OUBAC,ICE
SUBARU,OUTBAC,OUTBAC,ICE
SUBARU,OUTBAK,OUTBAK,ICE
SUBARU,SOLTER,SOLTER,ICE
SUBARU,SPORT,SPORT,ICE
SUBARU,SUBARU,SUBARU,ICE
SUBARU,WR,WR,ICE
SUBARU,WRX,WRX,ICE
SUBARU,WRX RS,WRX RS,ICE
SUBARU,WRX SE,WRX SE,ICE
SUBARU,WRX SP,WRX SP,ICE
SUBARU,WRX TS,WRX TS,ICE
SUBARU,XV,XV,ICE
SUBARU,YV5394,YV5394,ICE
SUBARU,YW6032,YW6032,ICE
SUBARU,YY6310,YY6310,ICE
SUBARU,ZA2377,ZA2377,ICE
SUZUKI,NAN,NAN,ICE
SUZUKI,6N415W,6N415W,ICE
SUZUKI,ADDRES,ADDRES,ICE
SUZUKI,AGILIT,AGILIT,ICE
SUZUKI,AVENIS,AVENIS,ICE
SUZUKI,AZ,AZ,ICE
SUZUKI,BALENO,BALENO,ICE
SUZUKI,C74W,C74W,ICE
SUZUKI,CARRY,CARRY,ICE
SUZUKI,D2350,D2350,ICE
SUZUKI,DDZ400,DDZ400,ICE
SUZUKI,DL 800,DL 800,ICE
SUZUKI,DL1050,DL1050,ICE
SUZUKI,DL105R,DL105R,ICE
SUZUKI,DL250,DL250,ICE
SUZUKI,DL650,DL650,ICE
SUZUKI,DL650A,DL650A,ICE
SUZUKI,DL650M,DL650M,ICE
SUZUKI,DL650X,DL650X,ICE
SUZUKI,DL65AU,DL65AU,ICE
SUZUKI,DL800,DL800,ICE
SUZUKI,DL800D,DL800D,ICE
SUZUKI,DL800R,DL800R,ICE
SUZUKI,DR Z40,DR Z40,ICE
SUZUKI,DR200,DR200,ICE
SUZUKI,DR200S,DR200S,ICE
SUZUKI,DR2400,DR2400,ICE
SUZUKI,DR250R,DR250R,ICE
SUZUKI,DR400,DR400,ICE
SUZUKI,DRZ 40,DRZ 40,ICE
SUZUKI,DRZ125,DRZ125,ICE
SUZUKI,DRZ400,DRZ400,ICE
SUZUKI,DRZ40E,DRZ40E,ICE
SUZUKI,DRZ40S,DRZ40S,ICE
SUZUKI,DRZ4S,DRZ4S,ICE
SUZUKI,DRZ4SM,DRZ4SM,ICE
SUZUKI,DS 250,DS 250,ICE
SUZUKI,DS250,DS250,ICE
SUZUKI,DS250M,DS250M,ICE
SUZUKI,DS250R,DS250R,ICE
SUZUKI,EJA124,EJA124,ICE
SUZUKI,EMZ250,EMZ250,ICE
SUZUKI,EVERY,EVERY,BEV
SUZUKI,FOREST,FOREST,ICE
SUZUKI,FRONX,FRONX,ICE
SUZUKI,GIXXER,GIXXER,ICE
SUZUKI,GJ,GJ,ICE
SUZUKI,GJ JIM,GJ JIM,ICE
SUZUKI,GRAND,GRAND,ICE
SUZUKI,GSX,GSX,ICE
SUZUKI,GSX S1,GSX S1,ICE
SUZUKI,GSX100,GSX100,ICE
SUZUKI,GSX130,GSX130,ICE
SUZUKI,GSX250,GSX250,ICE
SUZUKI,GSX80,GSX80,ICE
SUZUKI,GSX800,GSX800,ICE
SUZUKI,GSX8R,GSX8R,ICE
SUZUKI,GSX8S,GSX8S,ICE
SUZUKI,GSXR,GSXR,ICE
SUZUKI,GSXR10,GSXR10,ICE
SUZUKI,GSXR13,GSXR13,ICE
SUZUKI,GSXR25,GSXR25,ICE
SUZUKI,GSXR80,GSXR80,ICE
SUZUKI,GSXS 1,GSXS 1,ICE
SUZUKI,GSXS10,GSXS10,ICE
SUZUKI,GSXS12,GSXS12,ICE
SUZUKI,GSXS25,GSXS25,ICE
SUZUKI,GSXS75,GSXS75,ICE
SUZUKI,HATCHB,HATCHB,ICE
SUZUKI,HAYABU,HAYABU,ICE
SUZUKI,IGNI,IGNI,ICE
SUZUKI,IGNINS,IGNINS,ICE
SUZUKI,IGNIS,IGNIS,ICE
SUZUKI,INGIS,INGIS,ICE
SUZUKI,JIKNY,JIKNY,ICE
SUZUKI,JIMINY,JIMINY,ICE
SUZUKI,JIMMNY,JIMMNY,ICE
SUZUKI,JIMNEY,JIMNEY,ICE
SUZUKI,JIMNY,JIMNY,ICE
SUZUKI,JIMY,JIMY,ICE
SUZUKI,JJ,JJ,ICE
SUZUKI,JUMNY,JUMNY,ICE
SUZUKI,LTA500,LTA500,ICE
SUZUKI,RGV250,RGV250,ICE
SUZUKI,RMZ,RMZ,ICE
SUZUKI,S CROS,S CROS,ICE
SUZUKI,S400,S400,ICE
SUZUKI,SCROSS,SCROSS,ICE
SUZUKI,SFV65U,SFV65U,ICE
SUZUKI,SPORT,SPORT,ICE
SUZUKI,SUPER,SUPER,ICE
SUZUKI,SV 650,SV 650,ICE
SUZUKI,SV650,SV650,ICE
SUZUKI,SV6503,SV6503,ICE
SUZUKI,SV650A,SV650A,ICE
SUZUKI,SV65SU,SV65SU,ICE
SUZUKI,SWIFT,SWIFT,ICE
SUZUKI,SWIIFT,SWIIFT,ICE
SUZUKI,SWITH,SWITH,ICE
SUZUKI,SWIVT,SWIVT,ICE
SUZUKI,SWOFT,SWOFT,ICE
SUZUKI,UK110,UK110,ICE
SUZUKI,UK110N,UK110N,ICE
SUZUKI,UN125,UN125,ICE
SUZUKI,UN125M,UN125M,ICE
SUZUKI,UN125N,UN125N,ICE
SUZUKI,UNI25,UNI25,ICE
SUZUKI,UZ,UZ,ICE
SUZUKI,UZ SWI,UZ SWI,ICE
SUZUKI,VITARA,VITARA,ICE
SUZUKI,VITATA,VITATA,ICE
SUZUKI,VSTROM,VSTROM,ICE
SUZUKI,XF650,XF650,ICE
SUZUKI,Z400E,Z400E,ICE
TESLA,NAN,NAN,ICE
TESLA,2023,2023,ICE
TESLA,3,3,ICE
TESLA,COROLL,COROLL,ICE
TESLA,HILUX,HILUX,ICE
TESLA,M3 LR,M3 LR,ICE
TESLA,M3 LRR,M3 LRR,ICE
TESLA,M3 PRF,M3 PRF,ICE
TESLA,M3 RWD,M3 RWD,ICE
TESLA,M3PRF,M3PRF,ICE
TESLA,MR RWD,MR RWD,ICE
TESLA,MY LR,MY LR,ICE
TESLA,MY PER,MY PER,ICE
TESLA,MY PRF,MY PRF,ICE
TESLA,MY RWD,MY RWD,ICE
TESLA,MYL LR,MYL LR,ICE
TESLA,MYLR,MYLR,ICE
TESLA,MYRWD,MYRWD,ICE
TESLA,TG3241,TG3241,ICE
TESLA,Y RWD,Y RWD,ICE
TOYOTA,NAN,NAN,ICE
TOYOTA,1GD141,1GD141,ICE
TOYOTA,1GD172,1GD172,ICE
TOYOTA,1GD578,1GD578,ICE
TOYOTA,1GD915,1GD915,ICE
TOYOTA,1GD917,1GD917,ICE
TOYOTA,1GD924,1GD924,ICE
TOYOTA,2023,2023,ICE
TOYOTA,2024,2024,ICE
TOYOTA,2025,2025,ICE
TOYOTA,2ZR2V7,2ZR2V7,ICE
TOYOTA,2ZR2V8,2ZR2V8,ICE
TOYOTA,2ZR3A0,2ZR3A0,ICE
TOYOTA,2ZR3E7,2ZR3E7,ICE
TOYOTA,300,300,ICE
TOYOTA,300 GR,300 GR,ICE
TOYOTA,300 GX,300 GX,ICE
TOYOTA,32 8FG,32 8FG,ICE
TOYOTA,32-8FG,32-8FG,ICE
TOYOTA,328,328,ICE
TOYOTA,328FG,328FG,ICE
TOYOTA,328FG1,328FG1,ICE
TOYOTA,328FG2,328FG2,ICE
TOYOTA,328FG3,328FG3,ICE
TOYOTA,328FGK,328FGK,ICE
TOYOTA,427FG2,427FG2,ICE
TOYOTA,4RUNER,4RUNER,ICE
TOYOTA,62-8FD,62-8FD,ICE
TOYOTA,628FD,628FD,ICE
TOYOTA,628FD2,628FD2,ICE
TOYOTA,79 LAN,79 LAN,ICE
TOYOTA,79 SER,79 SER,ICE
TOYOTA,79 WOR,79 WOR,ICE
TOYOTA,7FBE18,7FBE18,ICE
TOYOTA,7FBE20,7FBE20,ICE
TOYOTA,85GK25,85GK25,ICE
TOYOTA,86,86,ICE
TOYOTA,86 GR,86 GR,ICE
TOYOTA,86 GTS,86 GTS,ICE
TOYOTA,8FBE18,8FBE18,ICE
TOYOTA,8FBE20,8FBE20,ICE
TOYOTA,8FBN25,8FBN25,ICE
TOYOTA,8FD18,8FD18,ICE
TOYOTA,8FD35N,8FD35N,ICE
TOYOTA,8FD50N,8FD50N,ICE
TOYOTA,8FD5ON,8FD5ON,ICE
TOYOTA,8FG25,8FG25,ICE
TOYOTA,8FG40N,8FG40N,ICE
TOYOTA,8FG4ON,8FG4ON,ICE
TOYOTA,8FGK20,8FGK20,ICE
TOYOTA,8FGK25,8FGK25,ICE
TOYOTA,A25AOD,A25AOD,ICE
TOYOTA,A25AS2,A25AS2,ICE
TOYOTA,A25AS3,A25AS3,ICE
TOYOTA,A25AS4,A25AS4,ICE
TOYOTA,A25AS5,A25AS5,ICE
TOYOTA,A25AS6,A25AS6,ICE
TOYOTA,A25AV7,A25AV7,ICE
TOYOTA,A25AX0,A25AX0,ICE
TOYOTA,ACOROL,ACOROL,ICE
TOYOTA,ALPH,ALPH,ICE
TOYOTA,ALPHA,ALPHA,ICE
TOYOTA,ALPHAR,ALPHAR,ICE
TOYOTA,ALPHRD,ALPHRD,ICE
TOYOTA,AOROLL,AOROLL,ICE
TOYOTA,ASCENT,ASCENT,ICE
TOYOTA,BT 50,BT 50,ICE
TOYOTA,BT50 D,BT50 D,ICE
TOYOTA,BZ 4X,BZ 4X,ICE
TOYOTA,BZ4,BZ4,ICE
TOYOTA,BZ4X,BZ4X,ICE
TOYOTA,BZ4X 2,BZ4X 2,ICE
TOYOTA,BZ4X A,BZ4X A,ICE
TOYOTA,BZ4X E,BZ4X E,ICE
TOYOTA,BZ4X S,BZ4X S,ICE
TOYOTA,BZX4,BZX4,ICE
TOYOTA,BZX4 T,BZX4 T,ICE
TOYOTA,C HR,C HR,ICE
TOYOTA,C HR A,C HR A,ICE
TOYOTA,C HR G,C HR G,ICE
TOYOTA,C HR H,C HR H,ICE
TOYOTA,C HR K,C HR K,ICE
TOYOTA,C-HR,C-HR,ICE
TOYOTA,C-HR H,C-HR H,ICE
TOYOTA,CAMERY,CAMERY,ICE
TOYOTA,CAMRTY,CAMRTY,ICE
TOYOTA,CAMRY,CAMRY,ICE
TOYOTA,CAROLA,CAROLA,ICE
TOYOTA,CH R,CH R,ICE
TOYOTA,CH R G,CH R G,ICE
TOYOTA,CHE,CHE,ICE
TOYOTA,CHR,CHR,ICE
TOYOTA,CHR GR,CHR GR,ICE
TOYOTA,CHR GX,CHR GX,ICE
TOYOTA,CHR H,CHR H,ICE
TOYOTA,CHR HR,CHR HR,ICE
TOYOTA,CHR HY,CHR HY,ICE
TOYOTA,CHR K,CHR K,ICE
TOYOTA,CHR KO,CHR KO,ICE
TOYOTA,CHR SP,CHR SP,ICE
TOYOTA,CHRH,CHRH,ICE
TOYOTA,CHRH K,CHRH K,ICE
TOYOTA,CMARY,CMARY,ICE
TOYOTA,COASTE,COASTE,ICE
TOYOTA,COASTR,COASTR,ICE
TOYOTA,COLROL,COLROL,ICE
TOYOTA,COMM,COMM,ICE
TOYOTA,COMMUT,COMMUT,ICE
TOYOTA,COR,COR,ICE
TOYOTA,CORALL,CORALL,ICE
TOYOTA,CORLAC,CORLAC,ICE
TOYOTA,CORLLA,CORLLA,ICE
TOYOTA,CORLLL,CORLLL,ICE
TOYOTA,CORO H,CORO H,ICE
TOYOTA,COROL,COROL,ICE
TOYOTA,COROLA,COROLA,ICE
TOYOTA,COROLK,COROLK,ICE
TOYOTA,COROLL,COROLL,ICE
TOYOTA,CORROL,CORROL,ICE
TOYOTA,COXH,COXH,ICE
TOYOTA,CROLLA,CROLLA,ICE
TOYOTA,CROSS,CROSS,ICE
TOYOTA,CROWN,CROWN,ICE
TOYOTA,CRW SP,CRW SP,ICE
TOYOTA,CX3,CX3,ICE
TOYOTA,CX60 D,CX60 D,ICE
TOYOTA,CX70,CX70,ICE
TOYOTA,CYBERS,CYBERS,ICE
TOYOTA,DC SR5,DC SR5,ICE
TOYOTA,DMAX,DMAX,ICE
TOYOTA,E6218,E6218,ICE
TOYOTA,F33A01,F33A01,ICE
TOYOTA,FDZN25,FDZN25,ICE
TOYOTA,FORTNE,FORTNE,ICE
TOYOTA,FORTUN,FORTUN,ICE
TOYOTA,FORTUR,FORTUR,ICE
TOYOTA,FORUNE,FORUNE,ICE
TOYOTA,FORUTU,FORUTU,ICE
TOYOTA,GORTUN,GORTUN,ICE
TOYOTA,GR,GR,ICE
TOYOTA,GR 86,GR 86,ICE
TOYOTA,GR COR,GR COR,ICE
TOYOTA,GR SUP,GR SUP,ICE
TOYOTA,GR YAR,GR YAR,ICE
TOYOTA,GR8 GT,GR8 GT,ICE
TOYOTA,GR86,GR86,ICE
TOYOTA,GR86 1,GR86 1,ICE
TOYOTA,GR86 G,GR86 G,ICE
TOYOTA,GR86GT,GR86GT,ICE
TOYOTA,GRANVI,GRANVI,ICE
TOYOTA,GRS,GRS,ICE
TOYOTA,GRYARI,GRYARI,ICE
TOYOTA,GTS GR,GTS GR,ICE
TOYOTA,GXL,GXL,ICE
TOYOTA,HAICE,HAICE,ICE
TOYOTA,HARRIE,HARRIE,ICE
TOYOTA,HGILUX,HGILUX,ICE
TOYOTA,HHILUX,HHILUX,ICE
TOYOTA,HI ACE,HI ACE,ICE
TOYOTA,HI LIX,HI LIX,ICE
TOYOTA,HILUX,HILUX,ICE
TOYOTA,HIACE,HIACE,ICE
TOYOTA,HIAVE,HIAVE,ICE
TOYOTA,HIILUX,HIILUX,ICE
TOYOTA,HIKUX,HIKUX,ICE
TOYOTA,HIL,HIL,ICE
TOYOTA,HILIX,HILIX,ICE
TOYOTA,HILKUX,HILKUX,ICE
TOYOTA,HILLUX,HILLUX,ICE
TOYOTA,HILUIX,HILUIX,ICE
TOYOTA,HILX D,HILX D,ICE
TOYOTA,HIULUX,HIULUX,ICE
TOYOTA,HIULX,HIULX,ICE
TOYOTA,HIUX R,HIUX R,ICE
TOYOTA,HIUX S,HIUX S,ICE
TOYOTA,HLIUX,HLIUX,ICE
TOYOTA,HLUX X,HLUX X,ICE
TOYOTA,HUACE,HUACE,ICE
TOYOTA,HULIX,HULIX,ICE
TOYOTA,HULUX,HULUX,ICE
TOYOTA,ILUX,ILUX,ICE
TOYOTA,JILUX,JILUX,ICE
TOYOTA,JIMNY,JIMNY,ICE
TOYOTA,KKUGER,KKUGER,ICE
TOYOTA,KLGER,KLGER,ICE
TOYOTA,KLKUGE,KLKUGE,ICE
TOYOTA,KLUG,KLUG,ICE
TOYOTA,KLUGBE,KLUGBE,ICE
TOYOTA,KLUGER,KLUGER,ICE
TOYOTA,KLUH,KLUH,ICE
TOYOTA,KLYGER,KLYGER,ICE
TOYOTA,KOBA,KOBA,ICE
TOYOTA,KULGER,KULGER,ICE
TOYOTA,LAN300,LAN300,ICE
TOYOTA,LANCDR,LANCDR,ICE
TOYOTA,LANCRU,LANCRU,ICE
TOYOTA,LAND,LAND,ICE
TOYOTA,LAND C,LAND C,ICE
TOYOTA,LAND70,LAND70,ICE
TOYOTA,LAND76,LAND76,ICE
TOYOTA,LAND78,LAND78,ICE
TOYOTA,LAND79,LAND79,ICE
TOYOTA,LANDC,LANDC,ICE
TOYOTA,LANDCC,LANDCC,ICE
TOYOTA,LANDCR,LANDCR,ICE
TOYOTA,LANDCU,LANDCU,ICE
TOYOTA,LANDDC,LANDDC,ICE
TOYOTA,LANDRC,LANDRC,ICE
TOYOTA,LANDRR,LANDRR,ICE
TOYOTA,LANSCR,LANSCR,ICE
TOYOTA,LC 300,LC 300,ICE
TOYOTA,LC 70,LC 70,ICE
TOYOTA,LC 76,LC 76,ICE
TOYOTA,LC 78,LC 78,ICE
TOYOTA,LC 79,LC 79,ICE
TOYOTA,LC 90,LC 90,ICE
TOYOTA,LC GRS,LC GRS,ICE
TOYOTA,LC GXL,LC GXL,ICE
TOYOTA,LC MIL,LC MIL,ICE
TOYOTA,LC PRA,LC PRA,ICE
TOYOTA,LC SAH,LC SAH,ICE
TOYOTA,LC WOR,LC WOR,ICE
TOYOTA,LC ZX,LC ZX,ICE
TOYOTA,LC300,LC300,ICE
TOYOTA,LC30O,LC30O,ICE
TOYOTA,LC3200,LC3200,ICE
TOYOTA,LC70,LC70,ICE
TOYOTA,LC70 G,LC70 G,ICE
TOYOTA,LC70 V,LC70 V,ICE
TOYOTA,LC76,LC76,ICE
TOYOTA,LC76 G,LC76 G,ICE
TOYOTA,LC78,LC78,ICE
TOYOTA,LC78 T,LC78 T,ICE
TOYOTA,LC79,LC79,ICE
TOYOTA,LC79 C,LC79 C,ICE
TOYOTA,LC79 D,LC79 D,ICE
TOYOTA,LC79 G,LC79 G,ICE
TOYOTA,LC79 M,LC79 M,ICE
TOYOTA,LC79 W,LC79 W,ICE
TOYOTA,LCMIL,LCMIL,ICE
TOYOTA,LCRUIS,LCRUIS,ICE
TOYOTA,LCRUIU,LCRUIU,ICE
TOYOTA,LMIL 7,LMIL 7,ICE
TOYOTA,LMIL L,LMIL L,ICE
TOYOTA,LMIL79,LMIL79,ICE
TOYOTA,M15AY9,M15AY9,ICE
TOYOTA,M20A07,M20A07,ICE
TOYOTA,M20A08,M20A08,ICE
TOYOTA,MDT HI,MDT HI,ICE
TOYOTA,MG ZS,MG ZS,ICE
TOYOTA,MILITA,MILITA,ICE
TOYOTA,MIRAI,MIRAI,ICE
TOYOTA,MY26 T,MY26 T,ICE
TOYOTA,OUTLANDER,OUTLANDER,ICE
TOYOTA,PARDO,PARDO,ICE
TOYOTA,PAV4,PAV4,ICE
TOYOTA,PR,PR,ICE
TOYOTA,PRA,PRA,ICE
TOYOTA,PRAD,PRAD,ICE
TOYOTA,PRADO,PRADO,ICE
TOYOTA,PRAO,PRAO,ICE
TOYOTA,PRDAO,PRDAO,ICE
TOYOTA,PRIUS,PRIUS,ICE
TOYOTA,RA4 GX,RA4 GX,ICE
TOYOTA,RAB 4,RAB 4,ICE
TOYOTA,RAB4,RAB4,ICE
TOYOTA,RAC4 E,RAC4 E,ICE
TOYOTA,RAC4 G,RAC4 G,ICE
TOYOTA,RACV4,RACV4,ICE
TOYOTA,RANGER,RANGER,ICE
TOYOTA,RAV,RAV,ICE
TOYOTA,RAV4,RAV4,ICE
TOYOTA,RAV GL,RAV GL,ICE
TOYOTA,RAV GX,RAV GX,ICE
TOYOTA,RAV HY,RAV HY,ICE
TOYOTA,RAV3,RAV3,ICE
TOYOTA,RAV4 2,RAV4 2,ICE
TOYOTA,RAV4 C,RAV4 C,ICE
TOYOTA,RAV4 E,RAV4 E,ICE
TOYOTA,RAV4 G,RAV4 G,ICE
TOYOTA,RAV4 H,RAV4 H,ICE
TOYOTA,RAV4 X,RAV4 X,ICE
TOYOTA,RAVH,RAVH,ICE
TOYOTA,RAVH C,RAVH C,ICE
TOYOTA,RAVH G,RAVH G,ICE
TOYOTA,RAVH H,RAVH H,ICE
TOYOTA,RAVR H,RAVR H,ICE
TOYOTA,ROGUE,ROGUE,ICE
TOYOTA,RQV4,RQV4,ICE
TOYOTA,SAHARA,SAHARA,ICE
TOYOTA,SAS25C,SAS25C,ICE
TOYOTA,SEDAN,SEDAN,ICE
TOYOTA,SHERWO,SHERWO,ICE
TOYOTA,SILVER,SILVER,ICE
TOYOTA,SR HIL,SR HIL,ICE
TOYOTA,SR5,SR5,ICE
TOYOTA,SR5 HI,SR5 HI,ICE
TOYOTA,SUNCAM,SUNCAM,ICE
TOYOTA,SUPRA,SUPRA,ICE
TOYOTA,T ROC,T ROC,ICE
TOYOTA,TACOMA,TACOMA,ICE
TOYOTA,TARIS,TARIS,ICE
TOYOTA,TASMAN,TASMAN,ICE
TOYOTA,TAV4,TAV4,ICE
TOYOTA,TOYOTA,TOYOTA,ICE
TOYOTA,TRUNDR,TRUNDR,ICE
TOYOTA,TUNDRA,TUNDRA,ICE
TOYOTA,VELLFI,VELLFI,ICE
TOYOTA,VITZ,VITZ,ICE
TOYOTA,VOXY,VOXY,ICE
TOYOTA,WAGON,WAGON,ICE
TOYOTA,WHITE,WHITE,ICE
TOYOTA,WORKMA,WORKMA,ICE
TOYOTA,XTRAIL,XTRAIL,ICE
TOYOTA,XUV700,XUV700,ICE
TOYOTA,YAR,YAR,ICE
TOYOTA,YARIS,YARIS,ICE
TOYOTA,YARISG,YARISG,ICE
TOYOTA,YARISS,YARISS,ICE
TOYOTA,YARISX,YARISX,ICE
TOYOTA,YAROS,YAROS,ICE
TOYOTA,YARRIS,YARRIS,ICE
TOYOTA,YAXH,YAXH,ICE
TOYOTA,YAXH 2,YAXH 2,ICE
TOYOTA,YEAIS,YEAIS,ICE
TOYOTA,YRAIS,YRAIS,ICE
TOYOTA,ZST VI,ZST VI,ICE
VOLKSWAGEN,1D 4,1D 4,ICE
VOLKSWAGEN,2023,2023,ICE
VOLKSWAGEN,2024,2024,ICE
VOLKSWAGEN,A,A,ICE
VOLKSWAGEN,AMAOK,AMAOK,ICE
VOLKSWAGEN,AMARO,AMARO,ICE
VOLKSWAGEN,AMAROC,AMAROC,ICE
VOLKSWAGEN,AMAROK,AMAROK,ICE
VOLKSWAGEN,AMARRO,AMARRO,ICE
VOLKSWAGEN,AMORAK,AMORAK,ICE
VOLKSWAGEN,AMOROK,AMOROK,ICE
VOLKSWAGEN,AMROK,AMROK,ICE
VOLKSWAGEN,ARTEON,ARTEON,ICE
VOLKSWAGEN,ARTOEN,ARTOEN,ICE
VOLKSWAGEN,AVENTU,AVENTU,ICE
VOLKSWAGEN,BJ TIG,BJ TIG,ICE
VOLKSWAGEN,BUZZ,BUZZ,ICE
VOLKSWAGEN,C,C,ICE
VOLKSWAGEN,CADDT,CADDT,ICE
VOLKSWAGEN,CADDY,CADDY,ICE
VOLKSWAGEN,CALIFO,CALIFO,ICE
VOLKSWAGEN,CARAVE,CARAVE,ICE
VOLKSWAGEN,CD GOL,CD GOL,ICE
VOLKSWAGEN,CRAFTE,CRAFTE,ICE
VOLKSWAGEN,CRAFTR,CRAFTR,ICE
VOLKSWAGEN,CZDC76,CZDC76,ICE
VOLKSWAGEN,D1 T R,D1 T R,ICE
VOLKSWAGEN,DEFEND,DEFEND,ICE
VOLKSWAGEN,DISCOV,DISCOV,ICE
VOLKSWAGEN,DMAX,DMAX,ICE
VOLKSWAGEN,DXU029,DXU029,ICE
VOLKSWAGEN,ETRANS,ETRANS,ICE
VOLKSWAGEN,G,G,ICE
VOLKSWAGEN,GOLD L,GOLD L,ICE
VOLKSWAGEN,GOLD R,GOLD R,ICE
VOLKSWAGEN,GOLF,GOLF,ICE
VOLKSWAGEN,GOLF 8,GOLF 8,ICE
VOLKSWAGEN,GOLF G,GOLF G,ICE
VOLKSWAGEN,GOLF L,GOLF L,ICE
VOLKSWAGEN,GOLF R,GOLF R,ICE
VOLKSWAGEN,GOLF W,GOLF W,ICE
VOLKSWAGEN,GOLF8R,GOLF8R,ICE
VOLKSWAGEN,GOLG,GOLG,ICE
VOLKSWAGEN,I30,I30,ICE
VOLKSWAGEN,ID 4,ID 4,ICE
VOLKSWAGEN,ID 4 G,ID 4 G,ICE
VOLKSWAGEN,ID 4 P,ID 4 P,ICE
VOLKSWAGEN,ID 5,ID 5,ICE
VOLKSWAGEN,ID 5 G,ID 5 G,ICE
VOLKSWAGEN,ID 5 P,ID 5 P,ICE
VOLKSWAGEN,ID BUZ,ID BUZ,ICE
VOLKSWAGEN,ID4,ID4,ICE
VOLKSWAGEN,ID4 GT,ID4 GT,ICE
VOLKSWAGEN,ID4 PR,ID4 PR,ICE
VOLKSWAGEN,ID5,ID5,ICE
VOLKSWAGEN,ID5 GT,ID5 GT,ICE
VOLKSWAGEN,ID5 PR,ID5 PR,ICE
VOLKSWAGEN,IDBUZZ,IDBUZZ,ICE
VOLKSWAGEN,JRVX,JRVX,ICE
VOLKSWAGEN,KODIAQ,KODIAQ,ICE
VOLKSWAGEN,KONA,KONA,ICE
VOLKSWAGEN,MG3 CO,MG3 CO,ICE
VOLKSWAGEN,MULITV,MULITV,ICE
VOLKSWAGEN,MULTIV,MULTIV,ICE
VOLKSWAGEN,MUTLIV,MUTLIV,ICE
VOLKSWAGEN,MY26,MY26,ICE
VOLKSWAGEN,MY26 G,MY26 G,ICE
VOLKSWAGEN,NF AM,NF AM,ICE
VOLKSWAGEN,NF AMA,NF AMA,ICE
VOLKSWAGEN,OPTIMU,OPTIMU,ICE
VOLKSWAGEN,P,P,ICE
VOLKSWAGEN,PASSAT,PASSAT,ICE
VOLKSWAGEN,PLOL,PLOL,ICE
VOLKSWAGEN,POLO,POLO,ICE
VOLKSWAGEN,POLO G,POLO G,ICE
VOLKSWAGEN,POLO L,POLO L,ICE
VOLKSWAGEN,POLO S,POLO S,ICE
VOLKSWAGEN,PUMA,PUMA,ICE
VOLKSWAGEN,RANGER,RANGER,ICE
VOLKSWAGEN,SPRINT,SPRINT,ICE
VOLKSWAGEN,STYLE,STYLE,ICE
VOLKSWAGEN,SY1,SY1,ICE
VOLKSWAGEN,T,T,ICE
VOLKSWAGEN,T CORS,T CORS,ICE
VOLKSWAGEN,T CROS,T CROS,ICE
VOLKSWAGEN,T ROC,T ROC,ICE
VOLKSWAGEN,T ROCK,T ROCK,ICE
VOLKSWAGEN,T ROCR,T ROCR,ICE
VOLKSWAGEN,T ROSS,T ROSS,ICE
VOLKSWAGEN,T-CROS,T-CROS,ICE
VOLKSWAGEN,T-ROC,T-ROC,ICE
VOLKSWAGEN,T6 TRA,T6 TRA,ICE
VOLKSWAGEN,T6.1IV,T6.1IV,ICE
VOLKSWAGEN,TARON,TARON,ICE
VOLKSWAGEN,TAVASC,TAVASC,ICE
VOLKSWAGEN,TAYRON,TAYRON,ICE
VOLKSWAGEN,TCROSS,TCROSS,ICE
VOLKSWAGEN,TERRAM,TERRAM,ICE
VOLKSWAGEN,TIG,TIG,ICE
VOLKSWAGEN,TIGAUN,TIGAUN,ICE
VOLKSWAGEN,TIGU,TIGU,ICE
VOLKSWAGEN,TIGUA,TIGUA,ICE
VOLKSWAGEN,TIGUAA,TIGUAA,ICE
VOLKSWAGEN,TIGUAN,TIGUAN,ICE
VOLKSWAGEN,TIGUN,TIGUN,ICE
VOLKSWAGEN,TOUARE,TOUARE,ICE
VOLKSWAGEN,TOUREG,TOUREG,ICE
VOLKSWAGEN,TRAKKA,TRAKKA,ICE
VOLKSWAGEN,TRANPS,TRANPS,ICE
VOLKSWAGEN,TRANSP,TRANSP,ICE
VOLKSWAGEN,TROC,TROC,ICE
VOLKSWAGEN,TROC C,TROC C,ICE
VOLKSWAGEN,TROC R,TROC R,ICE
VOLKSWAGEN,TROC S,TROC S,ICE
VOLKSWAGEN,TROV,TROV,ICE
VOLKSWAGEN,TUGUAN,TUGUAN,ICE
VOLKSWAGEN,VOLKSW,VOLKSW,ICE
VOLKSWAGEN,VW24,VW24,ICE
VOLKSWAGEN,W,W,ICE
VOLKSWAGEN,XC40,XC40,ICE
VOLKSWAGEN,XC60,XC60,ICE
VOLKSWAGEN,XC90,XC90,ICE
VOLKSWAGEN,XUV700,XUV700,ICE
VOLKSWAGEN,ZS,ZS,ICE
VOLKSWAGEN,ZS VIB,ZS VIB,ICE
VOLVO,NAN,NAN,ICE
VOLVO,009,009,ICE
VOLVO,16S,16S,ICE
VOLVO,796920,796920,ICE
VOLVO,BOE,BOE,ICE
VOLVO,BOE BZ,BOE BZ,ICE
VOLVO,BOEBZL,BOEBZL,ICE
VOLVO,B11R,B11R,ICE
VOLVO,B11R E,B11R E,ICE
VOLVO,B13R,B13R,ICE
VOLVO,B13R E,B13R E,ICE
VOLVO,B8R,B8R,ICE
VOLVO,B8R E6,B8R E6,ICE
VOLVO,B8R EU,B8R EU,ICE
VOLVO,B8RE6,B8RE6,ICE
VOLVO,B8RLE,B8RLE,ICE
VOLVO,BZL,BZL,ICE
VOLVO,C40,C40,ICE
VOLVO,C40 EL,C40 EL,ICE
VOLVO,C40 RE,C40 RE,ICE
VOLVO,C41,C41,ICE
VOLVO,CBU GL,CBU GL,ICE
VOLVO,CBU-FH,CBU-FH,ICE
VOLVO,CBUFH1,CBUFH1,ICE
VOLVO,CT6000,CT6000,ICE
VOLVO,CX60,CX60,ICE
VOLVO,CX90,CX90,ICE
VOLVO,E40,E40,ICE
VOLVO,EC140D,EC140D,ICE
VOLVO,EC220,EC220,ICE
VOLVO,EC250,EC250,ICE
VOLVO,ES90,ES90,ICE
VOLVO,EX20,EX20,ICE
VOLVO,EX30,EX30,BEV
VOLVO,EX30 C,EX30 C,ICE
VOLVO,EX30 E,EX30 E,ICE
VOLVO,EX30 T,EX30 T,ICE
VOLVO,EX30CC,EX30CC,ICE
VOLVO,EX40,EX40,ICE
VOLVO,EX40 B,EX40 B,ICE
VOLVO,EX60,EX60,ICE
VOLVO,EX90,EX90,ICE
VOLVO,EX90 R,EX90 R,ICE
VOLVO,EX90 U,EX90 U,ICE
VOLVO,FE,FE,ICE
VOLVO,FE 280,FE 280,ICE
VOLVO,FE 320,FE 320,ICE
VOLVO,FE280,FE280,ICE
VOLVO,FE320,FE320,ICE
VOLVO,FE350,FE350,ICE
VOLVO,FE4X2R,FE4X2R,ICE
VOLVO,FE8,FE8,ICE
VOLVO,FH,FH,ICE
VOLVO,FH 600,FH 600,ICE
VOLVO,FH13,FH13,ICE
VOLVO,FH16,FH16,ICE
VOLVO,FH18,FH18,ICE
VOLVO,FH450,FH450,ICE
VOLVO,FH500,FH500,ICE
VOLVO,FH540,FH540,ICE
VOLVO,FH550,FH550,ICE
VOLVO,FH600,FH600,ICE
VOLVO,FH647,FH647,ICE
VOLVO,FH64T,FH64T,ICE
VOLVO,FH650,FH650,ICE
VOLVO,FH6X47,FH6X47,ICE
VOLVO,FH700,FH700,ICE
VOLVO,FH780,FH780,ICE
VOLVO,FHCCAB,FHCCAB,ICE
VOLVO,FL,FL,ICE
VOLVO,FM,FM,ICE
VOLVO,FM 460,FM 460,ICE
VOLVO,FM 500,FM 500,ICE
VOLVO,FM 600,FM 600,ICE
VOLVO,FM 6X4,FM 6X4,ICE
VOLVO,FM11,FM11,ICE
VOLVO,FM11 8,FM11 8,ICE
VOLVO,FM13,FM13,ICE
VOLVO,FM13 8,FM13 8,ICE
VOLVO,FM300,FM300,ICE
VOLVO,FM330,FM330,ICE
VOLVO,FM370,FM370,ICE
VOLVO,FM410,FM410,ICE
VOLVO,FM430,FM430,ICE
VOLVO,FM450,FM450,ICE
VOLVO,FM460,FM460,ICE
VOLVO,FM500,FM500,ICE
VOLVO,FM540,FM540,ICE
VOLVO,FM5400,FM5400,ICE
VOLVO,FM54O,FM54O,ICE
VOLVO,FMX,FMX,ICE
VOLVO,FMX13,FMX13,ICE
VOLVO,FMX450,FMX450,ICE
VOLVO,FMX460,FMX460,ICE
VOLVO,FMX50,FMX50,ICE
VOLVO,FMX500,FMX500,ICE
VOLVO,FMX540,FMX540,ICE
VOLVO,G940,G940,ICE
VOLVO,HS,HS,ICE
VOLVO,IRIZAR,IRIZAR,ICE
VOLVO,L120F,L120F,ICE
VOLVO,L120H,L120H,ICE
VOLVO,L150H,L150H,ICE
VOLVO,L50H,L50H,ICE
VOLVO,L50HS,L50HS,ICE
VOLVO,L604,L604,ICE
VOLVO,L60E,L60E,ICE
VOLVO,L70H2,L70H2,ICE
VOLVO,L90H,L90H,ICE
VOLVO,L90H2,L90H2,ICE
VOLVO,L90HZ,L90HZ,ICE
VOLVO,MY25 E,MY25 E,ICE
VOLVO,MY25 V,MY25 V,ICE
VOLVO,MY25 X,MY25 X,ICE
VOLVO,OMNIBU,OMNIBU,ICE
VOLVO,S60,S60,ICE
VOLVO,S60 RE,S60 RE,ICE
VOLVO,TCROSS,TCROSS,ICE
VOLVO,V60,V60,ICE
VOLVO,V60 CC,V60 CC,ICE
VOLVO,V60 CR,V60 CR,ICE
VOLVO,X RWD,X RWD,ICE
VOLVO,X40,X40,ICE
VOLVO,XC4,XC4,ICE
VOLVO,XC40,XC40,ICE
VOLVO,XC40 B,XC40 B,ICE
VOLVO,XC40 P,XC40 P,ICE
VOLVO,XC40 R,XC40 R,ICE
VOLVO,XC40 U,XC40 U,ICE
VOLVO,XC40RE,XC40RE,ICE
VOLVO,XC60,XC60,ICE
VOLVO,XC60 B,XC60 B,ICE
VOLVO,XC60 P,XC60 P,ICE
VOLVO,XC60 R,XC60 R,ICE
VOLVO,XC60 U,XC60 U,ICE
VOLVO,XC690,XC690,ICE
VOLVO,XC90,XC90,ICE
VOLVO,XC90 R,XC90 R,ICE
VOLVO,XC90 U,XC90 U,ICE
VOLVO,XC90UL,XC90UL,ICE
XPENG,G6,G6,ICE
XPENG,G9,G9,ICE
XPENG,MONAM3,MONAM3,ICE
XPENG,P7+,P7+,ICE
XPENG,P7I,P7I,ICE
XPENG,X9,X9,ICE
XPENG,XPENG,XPENG,ICE
ZEEKR,009,009,ICE
ZEEKR,009 6,009 6,ICE
ZEEKR,7X,7X,ICE
ZEEKR,7X LON,7X LON,ICE
ZEEKR,7X PER,7X PER,ICE
ZEEKR,7X RWD,7X RWD,ICE
ZEEKR,7Z,7Z,ICE
ZEEKR,CX-5,CX-5,ICE
ZEEKR,MY24 X,MY24 X,ICE
ZEEKR,X,X,ICE
ZEEKR,X AWD,X AWD,ICE
ZEEKR,X RWD,X RWD,ICE
